Time,AxG_S1,AyG_S1,AzG_S1,AVx_S1,AVy_S1,AVz_S1,AVy_L1,AVy_R1,AVy_L2,AVy_R2,My_Dr_L1,My_Dr_R1,My_Dr_L2,My_Dr_R2,My_Bk_L1,My_Bk_R1,My_Bk_L2,My_Bk_R2,StrK_L1,StrK_R1,sv_vx,sv_vy,sv_vz,Roll_E,Pitch,Yaw
            0, -0.0110649447888, -1.64824608563e-18, 1.00287914276,             0,             0,             0, 314.287017822, 314.287017822, 314.287017822, 314.287017822,             0,             0,             0,             0,          -0.5,          -0.5,          -0.5,          -0.5, -9.87841267488e-05, 9.87841267488e-05, 13.8888845444,             0, -0.0108303884044,             0, -0.0446785651147,             0
        0.025, -0.0118825305253, 0.000130400454509, 1.00251948833, 0.00174688221887, 0.012440145947, 0.000474258733448,  314.19519043, 314.204864502, 314.181488037, 314.181518555, 12.0579767227, 12.0579767227, 12.0579767227, 12.0579767227,          -0.5,          -0.5,          -0.5,          -0.5, 0.00466318614781, 0.00501732900739, 13.8854150772, 8.57702798385e-06, -0.0101008946076, 1.42773269545e-05, -0.0444527044892, 1.72182524238e-06
         0.05, -0.00813274737448, 0.000413801986724, 1.00148522854, 0.00688006682321, -0.00321902241558, 0.00468875374645, 314.243377686, 314.248291016, 314.213470459,  314.21496582, 18.5218009949, 18.5218009949, 18.5218009949, 18.5218009949,          -0.5,          -0.5,          -0.5,          -0.5, 0.00851873867214, 0.00896247196943, 13.8828172684, 6.4068386564e-05, -0.00956102088094, 0.000116925977636, -0.0443030484021, 5.72482786083e-05
        0.075, -0.00632229587063, 0.000415202899603, 1.00037312508, 0.0117323677987, -0.0238141827285, 0.0110761709511, 314.253967285,  314.25491333, 314.214111328, 314.218536377, 21.2811431885, 21.2811431885, 21.2811431885, 21.2811431885,          -0.5,          -0.5,          -0.5,          -0.5, 0.00662350188941, 0.00684441113845, 13.8808860779, 0.000123341567814, -0.00942386500537, 0.000355363736162, -0.0446489080787, 0.000254984683124
          0.1, -0.00561745930463, 0.000267658033408, 0.999613285065, 0.0130835929886, -0.0358375348151, 0.0155486864969, 314.233062744, 314.239837646,   314.1925354, 314.199279785, 22.1420440674, 22.1420440674, 22.1420440674, 22.1420440674,          -0.5,          -0.5,          -0.5,          -0.5, 0.00512479804456, 0.00483528990299, 13.8792457581, 0.000121886820125, -0.00962015148252, 0.00067237165058, -0.0454197153449, 0.000593573902734
        0.125, -0.00545184034854, 0.000266104441835, 0.999254345894, 0.0125084919855, -0.0359096936882, 0.0180432815105, 314.197387695, 314.209381104, 314.157897949,  314.16595459, 22.1627731323, 22.1627731323, 22.1627731323, 22.1627731323,          -0.5,          -0.5,          -0.5,          -0.5, 0.00655330577865, 0.00555191328749,  13.877699852, 7.77099994593e-05, -0.00998959131539, 0.000992765533738, -0.0463390760124, 0.00101538572926
         0.15, -0.00552238291129, 0.000365743035218, 0.999230623245, 0.0123233329505, -0.0281684752554, 0.02037098445, 314.157714844, 314.169158936, 314.116851807, 314.126068115, 21.8970985413, 21.8970985413, 21.8970985413, 21.8970985413,          -0.5,          -0.5,          -0.5,          -0.5, 0.00776834087446, 0.00599246285856, 13.8761568069, 3.39839607477e-05, -0.010377026163, 0.00130121340044, -0.047149643302, 0.00149504817091
        0.175, -0.00566462660208, 0.000407328247093, 0.999393641949, 0.0124212997034, -0.0188801288605, 0.0225279293954, 314.116699219, 314.127044678, 314.074188232, 314.084564209, 21.6104679108, 21.6104679108, 21.6104679108, 21.6104679108,          -0.5,          -0.5,          -0.5,          -0.5, 0.00729646906257, 0.00480563612655, 13.8745822906, -5.9783492361e-06, -0.0106896022335, 0.00161063089035, -0.0477352924645, 0.00203276542015
          0.2, -0.00578993558884, 0.000398581672926, 0.999597787857, 0.0119621045887, -0.0123676173389, 0.0235738828778, 314.075592041, 314.087188721, 314.032836914, 314.043884277, 21.4131774902, 21.4131774902, 21.4131774902, 21.4131774902,          -0.5,          -0.5,          -0.5,          -0.5, 0.00665615964681, 0.00357107655145, 13.8729724884, -5.49073447473e-05, -0.0109054120257, 0.00191631552298, -0.0481177344918, 0.00261178868823
        0.225, -0.00585689488798, 0.00041406188393, 0.999752283096, 0.0111086219549, -0.00982587132603, 0.0235296133906, 314.036651611, 314.049255371, 313.993804932, 314.004943848, 21.3363952637, 21.3363952637, 21.3363952637, 21.3363952637,          -0.5,          -0.5,          -0.5,          -0.5, 0.00666231662035, 0.00310356123373,  13.871336937, -0.00010789600492, -0.011048765853, 0.00220440048724, -0.0483874082565, 0.00320218969136
         0.25, -0.0058551481925, 0.000448073929874, 0.999829530716, 0.0103097660467, -0.0102167064324, 0.0229804310948, 314.000518799, 314.012451172, 313.956878662, 313.967803955, 21.3743095398, 21.3743095398, 21.3743095398, 21.3743095398,          -0.5,          -0.5,          -0.5,          -0.5, 0.00660140812397, 0.00265441345982, 13.8696918488, -0.000153061497258, -0.0111580258235, 0.00247142510489, -0.0486336648464, 0.00378422695212
        0.275, -0.00579258147627, 0.000459773727925, 0.999845683575, 0.00945670995861, -0.0117991231382, 0.0220701638609, 313.966278076, 313.977081299, 313.921630859, 313.932159424,  21.506860733,  21.506860733,  21.506860733,  21.506860733,          -0.5,          -0.5,          -0.5,          -0.5, 0.00607523461804, 0.00178477948066,   13.86805439, -0.000188834601431, -0.0112632326782, 0.00271851033904, -0.0489080697298, 0.00434827525169
          0.3, -0.00568454060704, 0.000449533166829, 0.999832987785, 0.00826699566096, -0.0132513511926, 0.0206487793475, 313.933135986,  313.94329834, 313.887756348, 313.897644043, 21.7113342285, 21.7113342285, 21.7113342285, 21.7113342285,          -0.5,          -0.5,          -0.5,          -0.5, 0.00547847291455, 0.000861313368659, 13.8664369583, -0.000218837463763, -0.0113783124834, 0.00294040585868, -0.0492223463953, 0.00488336430863
        0.325, -0.00554627506062, 0.00043817027472, 0.999818563461, 0.00675716716796, -0.0140499444678, 0.0187802035362, 313.901245117, 313.910675049, 313.855072021, 313.864135742, 21.9675807953, 21.9675807953, 21.9675807953, 21.9675807953,          -0.5,          -0.5,          -0.5,          -0.5, 0.00506431935355, 0.000125891412608, 13.8648481369, -0.000242578229518, -0.0115040177479, 0.00312827550806, -0.0495650693774, 0.00537691032514
         0.35, -0.00538923125714, 0.000426663522376, 0.999815940857, 0.0050728903152, -0.0142909856513, 0.0166774243116, 313.870819092, 313.878967285, 313.823547363, 313.831604004, 22.2597007751, 22.2597007751, 22.2597007751, 22.2597007751,          -0.5,          -0.5,          -0.5,          -0.5, 0.00466238567606, -0.00059152423637, 13.8632946014, -0.000257518258877, -0.0116349365562, 0.00327605055645, -0.0499201901257, 0.00582043454051
        0.375, -0.00522050261497, 0.000404991413234, 0.999826312065, 0.00323905795813, -0.0143129918724, 0.0144348563626, 313.841644287, 313.848388672, 313.793151855, 313.800201416,  22.575963974,  22.575963974,  22.575963974,  22.575963974,          -0.5,          -0.5,          -0.5,          -0.5, 0.00414884183556, -0.00141019118018,  13.861779213, -0.000263755471678, -0.0117654548958, 0.00337996403687, -0.0502778664231, 0.00620960863307
          0.4, -0.00504397973418, 0.000372950336896, 0.999844312668, 0.00123091752175, -0.0143978651613, 0.0120486663654,  313.81362915, 313.819061279, 313.763946533, 313.769927979, 22.9080505371, 22.9080505371, 22.9080505371, 22.9080505371,          -0.5,          -0.5,          -0.5,          -0.5, 0.00361294299364, -0.00223738723435, 13.8603048325, -0.000263013964286, -0.0118925757706, 0.00343589205295, -0.050636459142, 0.00654092151672
        0.425, -0.00486185541376, 0.000336371129379, 0.999863803387, -0.000902856234461, -0.0146524999291, 0.0095538655296, 313.786743164, 313.790863037, 313.735931396, 313.740783691,  23.250169754,  23.250169754,  23.250169754,  23.250169754,          -0.5,          -0.5,          -0.5,          -0.5, 0.00312602054328, -0.00300131365657, 13.8588724136, -0.000256092578638, -0.0120159937069, 0.00343992258422, -0.050999250263, 0.00681108282879
         0.45, -0.00467576552182, 0.000296184094623, 0.999879956245, -0.00307975849137, -0.0150377284735, 0.00701999478042, 313.761047363,  313.76373291, 313.709014893, 313.712738037, 23.5983104706, 23.5983104706, 23.5983104706, 23.5983104706,          -0.5,          -0.5,          -0.5,          -0.5, 0.00264884787612, -0.00374308577739, 13.8574848175, -0.000243180373218, -0.0121368430555, 0.00338998599909, -0.0513702109456, 0.00701825832948
        0.475, -0.00448730122298, 0.000250401411904, 0.999888539314, -0.00529388198629, -0.0154969738796, 0.00448682531714, 313.736419678, 313.737640381, 313.683105469,  313.68572998, 23.9497184753, 23.9497184753, 23.9497184753, 23.9497184753,          -0.5,          -0.5,          -0.5,          -0.5, 0.00214638980106, -0.00450045289472, 13.8561401367, -0.000225143929129, -0.0122573720291, 0.00328522734344, -0.0517518222332, 0.00716206803918
          0.5, -0.00429742923006, 0.0001996132778, 0.999893307686, -0.00751364091411, -0.0159619059414, 0.00195144466124, 313.712799072, 313.712585449, 313.658294678, 313.659790039, 24.3025093079, 24.3025093079, 24.3025093079, 24.3025093079,          -0.5,          -0.5,          -0.5,          -0.5, 0.00163949478883, -0.00525486189872, 13.8548412323, -0.000203051429708, -0.0123790167272, 0.00312506896444, -0.0521450936794, 0.00724252825603
        0.525, -0.00410719029605, 0.00014530106273, 0.999895393848, -0.00971900857985, -0.0164093580097, -0.000579557614401, 313.690185547, 313.688568115, 313.634521484, 313.634887695, 24.6554012299, 24.6554012299, 24.6554012299, 24.6554012299,          -0.5,          -0.5,          -0.5,          -0.5, 0.00114757975098, -0.00598829751834, 13.8535871506, -0.000177737194463, -0.0125026777387, 0.00290956092067, -0.0525497831404, 0.00725963152945
         0.55, -0.00391703564674, 8.80934821907e-05, 0.999899804592, -0.0118521461263, -0.0168226137757, -0.00309308967553, 313.668548584, 313.665527344, 313.611724854, 313.610992432, 25.0075340271, 25.0075340271, 25.0075340271, 25.0075340271,          -0.5,          -0.5,          -0.5,          -0.5, 0.000660334189888, -0.00671168090776, 13.8523778915, -0.000149785060785, -0.0126282135025, 0.00263975164853, -0.0529652796686, 0.00721365818754
        0.575, -0.00372732826509, 2.74888716376e-05, 0.999907672405, -0.0138641810045, -0.0171776581556, -0.00558618828654, 313.647888184, 313.643463135, 313.589935303,  313.58807373, 25.3583164215, 25.3583164215, 25.3583164215, 25.3583164215,          -0.5,          -0.5,          -0.5,          -0.5, 0.000166352707311, -0.00743657443672, 13.8512125015, -0.000119860073028, -0.0127545520663, 0.00231811194681, -0.053390417248, 0.00710511114448
          0.6, -0.00353839900345, -3.64712905139e-05, 0.999917805195, -0.0157287195325, -0.0174629483372, -0.00806489121169, 313.628204346, 313.622406006, 313.569091797, 313.566162109, 25.7073497772, 25.7073497772, 25.7073497772, 25.7073497772,          -0.5,          -0.5,          -0.5,          -0.5, -0.000330917479005, -0.00815955456346, 13.8500928879, -8.87039641384e-05, -0.0128805739805, 0.00194803264458, -0.0538235642016, 0.00693443324417
        0.625, -0.00335048232228, -0.000103163780295, 0.999928772449, -0.0174278914928, -0.017680151388, -0.0105340136215, 313.609436035, 313.602294922, 313.549224854, 313.545196533, 26.0543422699, 26.0543422699, 26.0543422699, 26.0543422699,          -0.5,          -0.5,          -0.5,          -0.5, -0.000826867704745, -0.00887608714402, 13.8490171432, -5.69398944208e-05, -0.0130054904148, 0.00153343298007, -0.054262984544, 0.0067019155249
         0.65, -0.00316372630186, -0.000172178464709, 0.99993956089, -0.0189486611634, -0.0178355388343, -0.0129955634475, 313.591583252, 313.583129883, 313.530334473,  313.52520752, 26.3990840912, 26.3990840912, 26.3990840912, 26.3990840912,          -0.5,          -0.5,          -0.5,          -0.5, -0.00132430635858, -0.00958916731179, 13.8479852676, -2.50521679845e-05, -0.0131288366392, 0.0010786249768, -0.0547070465982, 0.00640777219087
        0.675, -0.00297823618166, -0.000243363814661, 0.999949634075, -0.0202862247825, -0.0179348345846, -0.0154529968277, 313.574707031, 313.564941406, 313.512420654, 313.506164551, 26.7414112091, 26.7414112091, 26.7414112091, 26.7414112091,          -0.5,          -0.5,          -0.5,          -0.5, -0.001826683525, -0.0103025315329,  13.846997261, 6.53224333291e-06, -0.0132503770292, 0.000588147842791, -0.0551542825997, 0.00605215551332
          0.7, -0.00279410346411, -0.000316449993988, 0.999958574772, -0.0214427821338, -0.0179827194661, -0.0179115664214,  313.55871582, 313.547668457, 313.495422363, 313.488067627, 27.0811843872, 27.0811843872, 27.0811843872, 27.0811843872,          -0.5,          -0.5,          -0.5,          -0.5, -0.00233337236568, -0.0110158938915, 13.8460521698, 3.74407463823e-05, -0.0133700212464, 6.65654879413e-05, -0.055603351444, 0.00563510321081
        0.725, -0.00261141592637, -0.000391034700442, 0.999966263771, -0.0224238969386, -0.0179839823395, -0.0203756224364, 313.543670654, 313.531311035, 313.479400635, 313.470916748, 27.4182834625, 27.4182834625, 27.4182834625, 27.4182834625,          -0.5,          -0.5,          -0.5,          -0.5, -0.0028429471422, -0.0117281684652, 13.8451509476, 6.73980175634e-05, -0.0134877571836, -0.000481660594232, -0.0560530275106, 0.00515652960166
         0.75, -0.00243025575764, -0.000466789788334, 0.999972879887, -0.0232375189662, -0.0179442372173, -0.0228479206562, 313.529510498, 313.515899658, 313.464324951, 313.454681396, 27.7525939941, 27.7525939941, 27.7525939941, 27.7525939941,          -0.5,          -0.5,          -0.5,          -0.5, -0.00335575267673, -0.0124400081113,  13.844291687, 9.62238773354e-05, -0.0136036127806, -0.0010522371158, -0.0565022192895, 0.00461626052856
        0.775, -0.00225069816224, -0.000543485919479, 0.999978363514, -0.0238944347948, -0.0178697947413, -0.025330690667, 313.516235352, 313.501373291, 313.450164795, 313.439331055, 28.0840072632, 28.0840072632, 28.0840072632, 28.0840072632,          -0.5,          -0.5,          -0.5,          -0.5, -0.00387236406095, -0.0131522491574, 13.8434753418, 0.000123801553855, -0.0137176355347, -0.00164110446349, -0.0569499731064, 0.00401406222954
          0.8, -0.00207281042822, -0.000620893901214, 0.999982893467, -0.0244075842202, -0.0177670698613, -0.0278258509934, 313.503875732, 313.487762451, 313.436920166, 313.424926758, 28.4124145508, 28.4124145508, 28.4124145508, 28.4124145508,          -0.5,          -0.5,          -0.5,          -0.5, -0.00439224857837, -0.0138645796105, 13.8427009583, 0.000150065112393, -0.0138298841193, -0.00224450253882, -0.0573955103755, 0.00334964739159
        0.825, -0.00189663923811, -0.00069136248203, 0.999986588955, -0.0246266257018, -0.0176419671625, -0.0303401276469, 313.491333008, 313.476074219, 313.424621582, 313.411407471, 28.7377128601, 28.7377128601, 28.7377128601, 28.7377128601,          -0.5,          -0.5,          -0.5,          -0.5, -0.0043100239709, -0.0139718046412, 13.8419675827, 0.000175261142431, -0.0139404227957, -0.00285832141526, -0.0578381940722, 0.00262263487093
         0.85, -0.00172212766483, -0.000432882516179, 0.999989569187, -0.0198301114142, -0.0174996219575, -0.0315236188471, 313.465179443, 313.479797363, 313.413146973, 313.398803711, 29.0597934723, 29.0597934723, 29.0597934723, 29.0597934723,          -0.5,          -0.5,          -0.5,          -0.5, 0.00879603158683, -0.00105236284435, 13.8412752151, 0.000223392577027, -0.0140493251383, -0.00343801570125, -0.0582775399089, 0.00184060144238
        0.875, -0.00155025359709, 0.001570718945, 0.999977707863, 0.0127222975716, -0.0172997321934, -0.0176221486181, 313.409820557, 313.514373779,  313.40057373, 313.389068604, 29.3785495758, 29.3785495758, 29.3785495758, 29.3785495758,          -0.5,          -0.5,          -0.5,          -0.5, 0.0689472928643, 0.0589154325426, 13.8406238556, 0.000486132601509, -0.0141572235152, -0.00362337194383, -0.0587130114436, 0.00116389978211
          0.9, -0.00139696872793, 0.00681473268196, 0.999929368496, 0.113064497709, -0.0168113876134, 0.0494945347309, 313.338867188, 313.565979004, 313.379180908,  313.38949585, 29.6939525604, 29.6939525604, 29.6939525604, 29.6939525604,          -0.5,          -0.5,          -0.5,          -0.5, 0.193875536323, 0.183676451445, 13.8400115967, 0.00139967177529, -0.0142699154094, -0.0022338856943, -0.0591390952468, 0.0013998845825
        0.925, -0.00129309762269, 0.0150109780952, 0.999885201454, 0.311670213938, -0.0170179717243, 0.216052338481, 313.259399414, 313.625549316,  313.33782959, 313.410858154, 30.0066394806, 30.0066394806, 30.0066394806, 30.0066394806,          -0.5,          -0.5,          -0.5,          -0.5, 0.366890490055, 0.35653039813, 13.8394289017, 0.00328424246982, -0.0143944472075, 0.00285278703086, -0.0595594495535, 0.00447244057432
         0.95, -0.0012564198114, 0.0250761117786, 0.999679267406, 0.612148821354, -0.0185333117843, 0.511379301548, 313.153747559, 313.711914062, 313.269287109,   313.4609375, 30.3186435699, 30.3186435699, 30.3186435699, 30.3186435699,          -0.5,          -0.5,          -0.5,          -0.5, 0.573247015476, 0.562694549561, 13.8388624191, 0.00600141054019, -0.0145504027605, 0.014189152047, -0.0600030124187, 0.0132793914527
        0.975, -0.00130595383234, 0.036853171885, 0.999339997768, 1.00518286228, -0.0204754378647, 0.948430657387, 313.007537842, 313.841644287, 313.169219971, 313.542999268, 30.6334114075, 30.6334114075, 30.6334114075, 30.6334114075,          -0.5,          -0.5,          -0.5,          -0.5, 0.814393460751, 0.803700327873, 13.8382949829, 0.00911500491202, -0.0147898858413, 0.0342046916485, -0.0604971721768, 0.031222531572
            1, -0.00145949108992, 0.0505386739969, 0.998870611191, 1.48056292534, -0.0222931690514, 1.53329181671, 312.823272705, 314.008728027, 313.034973145, 313.658660889, 30.9558010101, 30.9558010101, 30.9558010101, 30.9558010101,          -0.5,          -0.5,          -0.5,          -0.5,  1.0900683403,  1.0793390274, 13.8377037048, 0.0121583258733, -0.0151410261169, 0.065084643662, -0.0610608570278, 0.0619352199137
        1.025, -0.00172462360933, 0.0663336291909, 0.998484611511,   2.027364254, -0.0221022795886, 2.26372385025,  312.60748291, 314.205474854, 312.866149902, 313.806640625,   31.29205513,   31.29205513,   31.29205513,   31.29205513,          -0.5,          -0.5,          -0.5,          -0.5, 1.39051651955, 1.37980723381, 13.8370637894, 0.0146697238088, -0.0156306698918, 0.108740083873, -0.0616950392723, 0.109098359942
         1.05, -0.00217874976806, 0.0841806605458, 0.998910725117, 2.64449357986, -0.0183342434466, 3.13213825226, 312.361358643, 314.434814453, 312.668121338, 313.985351562,    31.6497612,    31.6497612,    31.6497612,    31.6497612,          -0.5,          -0.5,          -0.5,          -0.5, 1.70609104633,  1.6953625679, 13.8363409042, 0.0162613224238, -0.0160887092352, 0.166920006275, -0.0623600073159,  0.1762688905
        1.075, -0.00270492606796, 0.103623911738, 1.00006961823, 3.32416915894, -0.013654185459, 4.12348985672,   312.0859375, 314.697143555, 312.435333252, 314.193054199, 32.0388031006, 32.0388031006, 32.0388031006, 32.0388031006,          -0.5,          -0.5,          -0.5,          -0.5, 2.03206253052,  2.0209941864, 13.8355016708, 0.0165267046541, -0.0163764897734, 0.241310447454, -0.0630884617567, 0.266729146242
          1.1, -0.00337799056433, 0.124808132648, 1.00281715393,  4.0654630661, -0.00969483796507, 5.21385478973, 311.776062012, 314.980987549, 312.182525635, 314.423950195, 32.4685211182, 32.4685211182, 32.4685211182, 32.4685211182,          -0.5,          -0.5,          -0.5,          -0.5, 2.36640119553, 2.35449385643, 13.8345193863, 0.0150997024029, -0.0161040537059, 0.333423912525, -0.0639564543962, 0.383256465197
        1.125, -0.00416506640613, 0.147913783789, 1.00554680824, 4.86149978638, -0.00805812049657, 6.38525247574, 311.448455811,  315.27532959, 311.907531738, 314.672363281, 32.9493865967, 32.9493865967, 32.9493865967, 32.9493865967,          -0.5,          -0.5,          -0.5,          -0.5, 2.70262503624,  2.6889424324, 13.8333539963, 0.0118371993303, -0.0151578709483, 0.444746345282, -0.0651601329446, 0.528090715408
         1.15, -0.00501177366823, 0.172227591276, 1.00823271275, 5.69631195068, -0.00718034710735, 7.61537885666, 311.110626221, 315.575256348, 311.615478516, 314.933380127,   33.49243927,   33.49243927,   33.49243927,   33.49243927,          -0.5,          -0.5,          -0.5,          -0.5, 3.03064537048, 3.01414322853, 13.8319768906, 0.00662988005206, -0.0135176014155, 0.576462447643, -0.06690890342, 0.702998161316
        1.175, -0.00588403502479, 0.197586730123, 1.00993275642, 6.54263353348, -0.00423520430923, 8.87438869476,  310.76385498, 315.882232666, 311.318878174, 315.199310303, 34.1078872681, 34.1078872681, 34.1078872681, 34.1078872681,          -0.5,          -0.5,          -0.5,          -0.5, 3.35232710838, 3.33150744438, 13.8303613663, -0.000650317815598, -0.0112987477332, 0.729201674461, -0.0694107785821, 0.909067749977
          1.2, -0.00677173770964, 0.224720224738, 1.01070511341, 7.38435840607, 0.00593554228544, 10.1462926865, 310.413909912, 316.180847168, 311.019500732, 315.463623047, 34.8050384521, 34.8050384521, 34.8050384521, 34.8050384521,          -0.5,          -0.5,          -0.5,          -0.5, 3.66916179657,  3.6419634819, 13.8284845352, -0.00980245042592, -0.00871398113668,  0.9030200243, -0.0727953985333, 1.14678561687
        1.225, -0.00762336654589, 0.252447396517, 1.01089453697, 8.20073413849, 0.0258933398873, 11.4174051285, 310.070678711, 316.455963135, 310.716430664, 315.722015381, 35.5925636292, 35.5925636292, 35.5925636292, 35.5925636292,          -0.5,          -0.5,          -0.5,          -0.5, 3.96616339684, 3.93004536629, 13.8263263702, -0.0206634458154, -0.0058785751462, 1.09756422043, -0.0771283507347, 1.41632509232
         1.25, -0.00841012503952, 0.280225425959, 1.01028597355, 8.96167564392, 0.0582186765969, 12.6601333618, 309.731750488, 316.714813232, 310.418670654,  315.96786499, 36.4775390625, 36.4775390625, 36.4775390625, 36.4775390625,          -0.5,          -0.5,          -0.5,          -0.5, 4.24058294296, 4.19260263443, 13.8238792419, -0.0331812277436, -0.0028624185361, 1.31182050705, -0.0824381634593,  1.7173371315
        1.275, -0.00916158035398, 0.308763444424, 1.00893247128, 9.64753913879, 0.105829484761, 13.8556642532, 309.408966064, 316.950531006, 310.137542725, 316.196228027, 37.4658699036, 37.4658699036, 37.4658699036, 37.4658699036,          -0.5,          -0.5,          -0.5,          -0.5,  4.5011973381, 4.43825387955, 13.8211250305, -0.0470867007971, 0.000234995022765, 1.54410994053, -0.0886865854263, 2.04883885384
          1.3, -0.00976639520377, 0.336790919304,  1.0066151619, 10.2384681702, 0.171582117677, 14.9972496033,  309.11819458, 317.144592285, 309.866027832,  316.40447998, 38.5629501343, 38.5629501343, 38.5629501343, 38.5629501343,          -0.5,          -0.5,          -0.5,          -0.5, 4.73934412003, 4.65812778473, 13.8180627823, -0.062062650919, 0.00333906081505, 1.79234111309, -0.0957675725222, 2.40956926346
        1.325, -0.0101845627651, 0.363805413246, 1.00338375568, 10.6958789825, 0.258588075638, 16.0716438293, 308.862182617, 317.301849365, 309.603210449, 316.587463379, 39.7709121704, 39.7709121704, 39.7709121704, 39.7709121704,          -0.5,          -0.5,          -0.5,          -0.5, 4.94561767578, 4.84268569946, 13.8147106171, -0.0780568793416, 0.00632304511964,  2.0536506176, -0.103478133678, 2.79805135727
         1.35, -0.0103990575299, 0.38979139924, 0.999243021011, 10.9964838028, 0.365817815065, 17.0575771332, 308.639099121,  317.42565918, 309.354125977,  316.74206543, 41.0882110596, 41.0882110596, 41.0882110596, 41.0882110596,          -0.5,          -0.5,          -0.5,          -0.5, 5.12224626541, 4.99418973923, 13.8110990524, -0.0948822125793, 0.00912600755692, 2.32437205315, -0.11154768616, 3.21236658096
        1.375, -0.0105733908713, 0.415062010288, 0.994460582733, 11.1310462952, 0.490480691195,  17.946811676, 308.464172363, 317.508178711, 309.136230469, 316.866149902, 42.5113792419, 42.5113792419, 42.5113792419, 42.5113792419,          -0.5,          -0.5,          -0.5,          -0.5, 5.27287197113, 5.11640167236, 13.8072366714, -0.112170092762, 0.0116634741426, 2.60042858124, -0.119704924524, 3.65016961098
          1.4, -0.0104670180008, 0.438256204128, 0.989288210869, 11.0872983932, 0.627915084362, 18.7415180206, 308.348297119, 317.546386719, 308.957183838, 316.962860107, 44.0375213623, 44.0375213623, 44.0375213623, 44.0375213623,          -0.5,          -0.5,          -0.5,          -0.5, 5.39240312576, 5.20450973511, 13.8031520844, -0.129749983549, 0.0139103950933, 2.87755346298, -0.127694576979, 4.10912466049
        1.425, -0.0101520279422, 0.460091263056, 0.983811616898, 10.8609304428, 0.772646486759, 19.4323654175, 308.289581299, 317.546142578,  308.80770874, 317.035766602, 45.6591262817, 45.6591262817, 45.6591262817, 45.6591262817,          -0.5,          -0.5,          -0.5,          -0.5, 5.47657394409, 5.25462388992, 13.7988967896, -0.147413760424, 0.0158350560814, 3.15118432045, -0.135337457061, 4.58678531647
         1.45, -0.00961312837899, 0.480079561472, 0.978240787983, 10.4607028961, 0.920552253723, 20.0107517242, 308.291534424, 317.511871338, 308.692382812, 317.081481934, 47.3657951355, 47.3657951355, 47.3657951355, 47.3657951355,          -0.5,          -0.5,          -0.5,          -0.5,  5.5259809494, 5.26796197891, 13.7945241928, -0.16485889256, 0.0174138210714, 3.41686105728, -0.142481654882, 5.08046770096
        1.475, -0.00883543025702, 0.497374773026, 0.972509682178, 9.88900947571, 1.06807804108, 20.4807872772, 308.356750488, 317.446044922, 308.617584229, 317.103637695, 49.1445198059, 49.1445198059, 49.1445198059, 49.1445198059,          -0.5,          -0.5,          -0.5,          -0.5, 5.54228210449, 5.24689292908, 13.7900943756, -0.181977853179, 0.0186016298831, 3.67029500008, -0.148980408907, 5.58740377426
          1.5, -0.00783131457865, 0.512887895107, 0.966709673405, 9.15958881378, 1.21299743652, 20.8402938843,  308.48526001, 317.351470947, 308.594451904, 317.103027344, 50.9800071716, 50.9800071716, 50.9800071716, 50.9800071716,          -0.5,          -0.5,          -0.5,          -0.5, 5.52562522888, 5.19232320786, 13.7856693268, -0.198579758406, 0.0193437393755, 3.90733599663, -0.154684260488, 6.10491609573
        1.525, -0.00662411097437, 0.526533424854, 0.960802972317, 8.29607391357, 1.35089206696,   21.08152771,   308.6769104, 317.230041504,  308.61618042, 317.078887939, 52.8550720215, 52.8550720215, 52.8550720215, 52.8550720215,          -0.5,          -0.5,          -0.5,          -0.5, 5.47590875626, 5.10501432419, 13.7813205719, -0.214350566268, 0.0195690505207, 4.12434768677, -0.159426823258, 6.63015079498
         1.55, -0.00522109679878, 0.536938428879, 0.954817533493, 7.31333303452, 1.47587513924, 21.2089138031,  308.92477417, 317.086242676, 308.684448242, 317.035858154, 54.7512664795, 54.7512664795, 54.7512664795, 54.7512664795,          -0.5,          -0.5,          -0.5,          -0.5, 5.39258003235, 4.98535490036, 13.7771120071, -0.229101657867, 0.019154407084, 4.31822109222, -0.163109630346, 7.16017341614
        1.575, -0.00357982493006, 0.544860064983, 0.949118435383, 6.21726560593,  1.5893458128, 21.2285690308, 309.221954346, 316.925537109,    308.796875, 316.976654053, 56.6484489441, 56.6484489441, 56.6484489441, 56.6484489441,          -0.5,          -0.5,          -0.5,          -0.5, 5.27531099319, 4.83427810669, 13.7731266022, -0.242805212736, 0.0180090796202, 4.48604631424, -0.165635153651, 7.69225215912
          1.6, -0.00174655532464, 0.550640583038, 0.94369995594, 5.02868795395, 1.68746209145, 21.1340522766, 309.555450439, 316.751556396, 308.937408447, 316.900909424, 58.5244255066, 58.5244255066, 58.5244255066, 58.5244255066,          -0.5,          -0.5,          -0.5,          -0.5, 5.12567520142, 4.65443325043, 13.7694416046, -0.255250602961, 0.0161048918962, 4.62524080276, -0.166871413589, 8.22361469269
        1.625, 0.000263465830358, 0.554308712482, 0.938932001591, 3.77754974365, 1.76880574226,  20.921497345, 309.901611328, 316.565948486, 309.093322754, 316.804168701,  60.356098175,  60.356098175,  60.356098175,  60.356098175,          -0.5,          -0.5,          -0.5,          -0.5, 4.94499921799, 4.44782924652, 13.7661371231, -0.266115397215, 0.0134035013616, 4.73388051987, -0.166710287333, 8.75133228302
         1.65, 0.00239074788988, 0.554791688919, 0.934762120247, 2.48864555359, 1.83032846451, 20.5960197449, 310.227142334, 316.371856689, 309.261260986, 316.689208984, 62.1196746826, 62.1196746826, 62.1196746826, 62.1196746826,          -0.5,          -0.5,          -0.5,          -0.5, 4.73254728317, 4.21464109421, 13.7632875443, -0.275229275227, 0.00996599253267, 4.81075429916, -0.165041878819, 9.27248001099
        1.675, 0.00463316449896, 0.552505493164, 0.931196331978,  1.1841930151, 1.86383593082, 20.1608791351, 310.506439209, 316.174713135, 309.420410156, 316.561340332, 63.7918739319, 63.7918739319, 63.7918739319, 63.7918739319,          -0.5,          -0.5,          -0.5,          -0.5, 4.48830461502,  3.9556825161, 13.7609586716, -0.282520115376, 0.00572822056711, 4.85521411896, -0.161933451891, 9.78425502777
          1.7, 0.00694737676531, 0.548001766205, 0.930127024651, -0.105058602989, 1.86220192909, 19.6171226501,  310.70916748, 315.979217529, 309.559814453, 316.428985596, 65.3502044678, 65.3502044678, 65.3502044678, 65.3502044678,          -0.5,          -0.5,          -0.5,          -0.5, 4.21402025223, 3.67314934731, 13.7592077255, -0.287841826677, 0.00075979687972, 4.86720752716, -0.157617673278, 10.2838697433
        1.725, 0.00953439343721, 0.541689991951, 0.932751715183, -1.31452596188, 1.82536542416, 18.9617023468, 310.762969971, 315.789489746, 309.675964355, 316.295043945, 66.7724456787, 66.7724456787, 66.7724456787, 66.7724456787,          -0.5,          -0.5,          -0.5,          -0.5, 3.91234922409, 3.36827754974, 13.7581205368, -0.290851384401, -0.00422464124858, 4.84791564941, -0.15249542892,  10.768535614
         1.75, 0.0121052805334, 0.532789766788, 0.936552643776, -2.3973429203, 1.76616203785, 18.1748638153, 310.645599365, 315.604492188, 309.693145752, 316.138824463, 68.0321578979, 68.0321578979, 68.0321578979, 68.0321578979,          -0.5,          -0.5,          -0.5,          -0.5, 3.58931326866, 3.04685020447, 13.7577896118, -0.291232138872, -0.00886660721153, 4.80002117157, -0.14680737257, 11.2351636887
        1.775, 0.0139728588983, 0.520333349705, 0.942252159119, -3.35182666779, 1.69469428062, 17.2539043427, 310.490386963, 315.404602051, 309.624481201, 315.960174561,  69.110206604,  69.110206604,  69.110206604,  69.110206604,          -0.5,          -0.5,          -0.5,          -0.5, 3.24637246132, 2.71214604378, 13.7581472397, -0.288810670376, -0.0128384307027, 4.72678947449, -0.140496462584, 11.6803607941
          1.8, 0.0154479024932, 0.503277540207, 0.946228384972, -4.2172870636, 1.62315928936,  16.204788208, 310.396911621, 315.190246582, 309.608184814, 315.755187988, 70.0061721802, 70.0061721802, 70.0061721802, 70.0061721802,          -0.5,          -0.5,          -0.5,          -0.5, 2.88667464256, 2.36604833603, 13.7590923309, -0.283728331327, -0.0161570943892, 4.63105535507, -0.133324712515, 12.1008472443
        1.825, 0.0166701301932, 0.483886063099, 0.949312508106, -5.03654766083,  1.5476962328, 15.0441293716, 310.385803223, 314.962463379, 309.662750244, 315.530273438, 70.7261123657, 70.7261123657, 70.7261123657, 70.7261123657,          -0.5,          -0.5,          -0.5,          -0.5, 2.52420449257, 2.02123570442, 13.7605819702, -0.276046216488, -0.0192240923643, 4.51440906525, -0.124962426722, 12.4935846329
         1.85, 0.017555758357, 0.462027072906, 0.952752530575, -5.81280088425, 1.45568609238, 13.7907238007, 310.470458984,  314.71887207, 309.757904053, 315.295837402, 71.2769088745, 71.2769088745, 71.2769088745, 71.2769088745,          -0.5,          -0.5,          -0.5,          -0.5, 2.15241599083, 1.67061853409, 13.7625722885, -0.265581309795, -0.0221180636436, 4.37794542313, -0.115462735295, 12.8560314178
        1.875, 0.0183372665197, 0.436100155115, 0.956398546696, -6.57107210159, 1.34450960159, 12.4555473328, 310.645111084, 314.483673096, 309.886444092, 315.052062988, 71.6667175293, 71.6667175293, 71.6667175293, 71.6667175293,          -0.5,          -0.5,          -0.5,          -0.5, 1.76864635944, 1.31139028072, 13.7650327682, -0.252618253231, -0.0248719677329, 4.22250127792, -0.105149403214, 13.1859703064
          1.9, 0.0189026687294, 0.408192515373, 0.960173487663, -7.32377099991, 1.21462154388, 11.0540981293, 310.880279541, 314.245147705, 310.052124023, 314.803405762,  71.902015686,  71.902015686,  71.902015686,  71.902015686,          -0.5,          -0.5,          -0.5,          -0.5, 1.38434422016, 0.954824864864, 13.7679347992, -0.237322002649, -0.02749119699, 4.04828977585, -0.0944242700934, 13.4815092087
        1.925, 0.0191462375224, 0.378012120724, 0.964263141155, -8.07627677917, 1.06628596783, 9.59672164917, 311.211212158, 313.987670898, 310.261810303, 314.552307129, 71.9918899536, 71.9918899536, 71.9918899536, 71.9918899536,          -0.5,          -0.5,          -0.5,          -0.5, 0.995803833008, 0.596142590046, 13.7711992264, -0.219756126404, -0.0300789158791,  3.8553917408, -0.0837593898177, 13.7411117554
         1.95, 0.0193070601672, 0.344193607569, 0.96860986948, -8.8437871933, 0.900702357292, 8.09799003601, 311.598724365, 313.725891113, 310.530578613, 314.306427002, 71.9489135742, 71.9489135742, 71.9489135742, 71.9489135742,          -0.5,          -0.5,          -0.5,          -0.5, 0.601758182049, 0.233186796308, 13.7747802734, -0.200284838676, -0.0326583199203, 3.64363837242, -0.0736734569073, 13.9634895325
        1.975, 0.0194140709937, 0.308277964592, 0.97373175621, -9.63621234894, 0.716959655285, 6.57238912582, 312.008453369,  313.48147583, 310.835449219, 314.068786621, 71.7843856812, 71.7843856812, 71.7843856812, 71.7843856812,          -0.5,          -0.5,          -0.5,          -0.5, 0.201801970601, -0.134825095534,  13.778635025, -0.17933498323, -0.0351616889238, 3.41246032715, -0.0647604912519, 14.1478300095
            2, 0.0192162301391, 0.270109444857, 0.979075193405, -10.4439535141, 0.520961582661, 5.01635694504, 312.469665527, 313.235015869, 311.162506104,   313.8359375, 71.5104675293, 71.5104675293, 71.5104675293, 71.5104675293,          -0.5,          -0.5,          -0.5,          -0.5, -0.201970934868, -0.50633919239, 13.7826929092, -0.157120615244, -0.0375557914376, 3.16133022308, -0.0576242171228, 14.2934017181
        2.025, 0.0189943816513, 0.229025751352, 0.984732627869, -11.2698993683, 0.322595894337, 3.43930721283, 312.972259521, 312.978607178, 311.538513184, 313.601654053, 71.1434402466, 71.1434402466, 71.1434402466, 71.1434402466,          -0.5,          -0.5,          -0.5,          -0.5, -0.609650552273, -0.882152616978, 13.7868766785, -0.134099915624, -0.0398054532707, 2.88984799385, -0.052699662745, 14.3995456696
         2.05, 0.0186529289931, 0.186291143298, 0.990531563759, -12.109079361, 0.131855666637, 1.83865630627,    313.484375, 312.712127686, 311.941986084, 313.371582031, 70.6988754272, 70.6988754272, 70.6988754272, 70.6988754272,          -0.5,          -0.5,          -0.5,          -0.5, -1.02251493931, -1.26436209679, 13.7911376953, -0.110580943525, -0.041820064187, 2.59756278992, -0.0502304770052, 14.4657773972
        2.075, 0.0181489568204, 0.140596285462, 0.996426820755, -12.9549179077, -0.0458500497043, 0.21311815083,  314.00302124, 312.438323975, 312.360168457, 313.144226074, 70.1937789917, 70.1937789917, 70.1937789917, 70.1937789917,          -0.5,          -0.5,          -0.5,          -0.5, -1.43910300732, -1.65212595463, 13.7953929901, -0.086859934032, -0.0434977225959, 2.28426098824, -0.0503000766039, 14.4914875031
          2.1, 0.0174300614744, 0.0932183042169, 1.00249946117, -13.8065052032, -0.205258339643, -1.43415606022, 314.523193359, 312.150177002, 312.789886475, 312.908599854, 69.6476135254, 69.6476135254, 69.6476135254, 69.6476135254,          -0.5,          -0.5,          -0.5,          -0.5,  -1.857863307, -2.04451394081, 13.7995586395, -0.0633227527142, -0.0446640439332, 1.94975113869, -0.0529394038022, 14.4761724472
        2.125, 0.0165127944201, 0.0446856841445, 1.00827252865, -14.6422586441, -0.340583235025, -3.10544133186, 315.038513184, 311.845184326, 313.249694824, 312.655761719, 69.0830612183, 69.0830612183, 69.0830612183, 69.0830612183,          -0.5,          -0.5,          -0.5,          -0.5, -2.27871060371, -2.44211626053, 13.8035297394, -0.0400305986404, -0.0451930426061, 1.59414410591, -0.0580810122192, 14.4192829132
         2.15, 0.015164911747, -0.0052517959848, 1.01373338699, -15.4463100433, -0.44624710083, -4.7965927124, 315.554260254, 311.554199219, 313.715911865, 312.397735596, 68.5262069702, 68.5262069702, 68.5262069702, 68.5262069702,          -0.5,          -0.5,          -0.5,          -0.5, -2.70267438889, -2.84658384323, 13.8071870804, -0.0171126257628, -0.0449864789844, 1.21806466579, -0.0655787959695, 14.3203363419
        2.175, 0.0138470409438, -0.0559482574463, 1.01803028584, -16.1994228363, -0.517203092575, -6.50308227539, 316.069274902, 311.246002197, 314.182189941, 312.136627197, 68.0059967041, 68.0059967041, 68.0059967041, 68.0059967041,          -0.5,          -0.5,          -0.5,          -0.5, -3.13204407692, -3.2608730793, 13.8104505539, 0.005385722965, -0.0439793504775, 0.822531878948, -0.0752109363675, 14.1789216995
          2.2, 0.0121713848785, -0.108183734119, 1.02152144909, -16.8871421814, -0.547425508499, -8.22193717957, 316.551940918, 310.919799805, 314.642974854, 311.859558105, 67.5475311279, 67.5475311279, 67.5475311279, 67.5475311279,          -0.5,          -0.5,          -0.5,          -0.5, -3.57052731514, -3.68911600113, 13.8132419586, 0.0273111220449, -0.0422153696418, 0.409068584442, -0.0866438597441, 13.9947528839
        2.225, 0.0100718848407, -0.161537587643, 1.02354288101, -17.4988574982, -0.53804063797, -9.95112609863, 317.007568359, 310.611328125, 315.097412109, 311.562469482,  67.180267334,  67.180267334,  67.180267334,  67.180267334,          -0.5,          -0.5,          -0.5,          -0.5, -4.01898241043, -4.13292360306, 13.8154163361, 0.0485303588212, -0.0396626479924, -0.0205562822521, -0.0995480492711, 13.7675657272
         2.25, 0.00765355397016, -0.216756820679, 1.02482163906, -18.0364952087, -0.491055876017, -11.6953868866, 317.439605713, 310.298797607, 315.540802002, 311.252166748, 66.9382858276, 66.9382858276, 66.9382858276, 66.9382858276,          -0.5,          -0.5,          -0.5,          -0.5, -4.47957420349, -4.59514141083, 13.8168554306, 0.0687398016453, -0.0363707244396, -0.464392662048, -0.113649196923, 13.4970750809
        2.275, 0.00468831323087, -0.272970378399, 1.02506673336, -18.5023880005, -0.409953683615, -13.456202507, 317.831604004,  310.01953125, 315.970611572, 310.930450439, 66.8572540283, 66.8572540283, 66.8572540283, 66.8572540283,          -0.5,          -0.5,          -0.5,          -0.5, -4.95023727417, -5.07418775558, 13.8174190521, 0.0877549424767, -0.0323400683701, -0.920611739159, -0.128797605634, 13.1828804016
          2.3, 0.00135993515141, -0.32857170701, 1.02441263199, -18.8860054016, -0.29938980937, -15.2353954315, 318.192260742, 309.777374268,  316.38482666, 310.596252441, 66.9764480591, 66.9764480591, 66.9764480591, 66.9764480591,          -0.5,          -0.5,          -0.5,          -0.5, -5.4289393425, -5.56851148605, 13.8169765472, 0.105650879443, -0.027573518455, -1.38731122017, -0.14497795701,  12.824511528
        2.325, -0.00224863155745, -0.383363842964, 1.02275037766, -19.1731700897, -0.154489934444, -17.0286598206,  318.50302124, 309.630371094,  316.78729248, 310.292572021, 67.3369445801, 67.3369445801, 67.3369445801, 67.3369445801,          -0.5,          -0.5,          -0.5,          -0.5, -5.90614700317, -6.06911802292, 13.8153791428, 0.122608609498, -0.022121347487, -1.86220729351, -0.162183046341, 12.4215316772
         2.35, -0.00551262823865, -0.433457911015, 1.02001297474, -19.3012218475, 0.021169392392, -18.7959651947, 318.757171631, 309.567016602, 317.161621094, 309.992401123, 67.9727325439, 67.9727325439, 67.9727325439, 67.9727325439,          -0.5,          -0.5,          -0.5,          -0.5, -6.36571741104, -6.5604557991, 13.8126621246, 0.139547258615, -0.0159955769777, -2.34218287468, -0.180372193456, 11.9740009308
        2.375, -0.00868554599583, -0.480327099562, 1.01590287685, -19.223651886, 0.229562625289, -20.4949398041, 318.943328857, 309.629882812, 317.494628906, 309.722320557, 68.9028167725, 68.9028167725, 68.9028167725, 68.9028167725,          -0.5,          -0.5,          -0.5,          -0.5, -6.79492282867, -7.03017759323,  13.808842659, 0.157066896558, -0.00933050643653, -2.82256555557, -0.199478670955, 11.4830522537
          2.4, -0.0114667061716, -0.522342860699, 1.01010107994, -18.9103298187, 0.471722662449, -22.0973148346, 319.062408447,  309.87109375, 317.782684326, 309.545196533, 70.1411743164, 70.1411743164, 70.1411743164, 70.1411743164,          -0.5,          -0.5,          -0.5,          -0.5, -7.19205617905, -7.4764456749, 13.8039283752, 0.17561994493, -0.00228955829516, -3.29782104492, -0.219261497259,  10.950712204
        2.425, -0.0139428628609, -0.561849117279,  1.0029321909, -18.3556022644, 0.748092293739, -23.5760478973, 319.102966309, 310.352478027, 318.028320312, 309.450531006, 71.6944198608, 71.6944198608, 71.6944198608, 71.6944198608,          -0.5,          -0.5,          -0.5,          -0.5, -7.55974149704, -7.90168762207, 13.7979755402, 0.195326477289, 0.00496901711449, -3.76185774803, -0.239325284958, 10.3796405792
         2.45, -0.016342362389, -0.597212314606, 0.994115293026, -17.5651092529, 1.05606329441, -24.9166469574, 319.063079834, 311.147003174, 318.218841553, 309.501159668, 73.5647125244, 73.5647125244, 73.5647125244, 73.5647125244,          -0.5,          -0.5,          -0.5,          -0.5, -7.89902925491, -8.3065032959, 13.7910060883, 0.216178566217, 0.0122611373663, -4.20871543884, -0.25907099247, 9.77309036255
        2.475, -0.0184900704771, -0.629636764526, 0.984151005745, -16.5619277954, 1.39059829712, -26.1068954468, 318.947540283, 312.333374023,   318.3515625, 309.760070801,  75.754486084,  75.754486084,  75.754486084,  75.754486084,          -0.5,          -0.5,          -0.5,          -0.5, -8.20943069458, -8.68943119049, 13.7830457687, 0.238003671169, 0.0193885974586, -4.63271522522, -0.277863055468, 9.13452529907
          2.5, -0.0206833090633, -0.657753407955, 0.973336935043, -15.3613739014, 1.74442911148, -27.1602993011, 318.764709473, 313.995178223, 318.441375732, 310.249420166, 78.2643737793, 78.2643737793, 78.2643737793, 78.2643737793,          -0.5,          -0.5,          -0.5,          -0.5, -8.49179840088, -9.04981136322, 13.7741107941, 0.260883897543, 0.0262132119387, -5.02879524231, -0.294981718063, 8.46748065948
        2.525, -0.0227492339909, -0.681785941124, 0.960928380489, -14.0091218948, 2.10540413857, -28.0838413239, 318.518920898, 316.220947266, 318.475738525, 311.050598145, 81.0990753174, 81.0990753174, 81.0990753174, 81.0990753174,          -0.5,          -0.5,          -0.5,          -0.5, -8.74779129028, -9.38778877258, 13.7641801834, 0.284674108028, 0.0324737876654, -5.39256238937, -0.309844195843, 7.77512407303
         2.55, -0.0249437205493, -0.70204102993, 0.948793113232, -12.5250349045, 2.45992803574, -28.8886203766,  318.21282959, 319.100250244, 318.467803955, 312.239257812, 84.2638244629, 84.2638244629, 84.2638244629, 84.2638244629,          -0.5,          -0.5,          -0.5,          -0.5, -8.97716712952, -9.70131587982, 13.7532567978, 0.309605747461, 0.0379884280264, -5.72053670883, -0.322046011686, 7.06053304672
        2.575, -0.0273048095405, -0.719055533409, 0.93660312891, -10.9510889053, 2.79264354706, -29.5878582001, 317.861358643, 322.705444336, 318.429168701, 313.933898926,  87.767829895,  87.767829895,  87.767829895,  87.767829895,          -0.5,          -0.5,          -0.5,          -0.5, -9.17933559418, -9.98797988892, 13.7412891388, 0.335591495037, 0.0426350496709, -6.00995206833, -0.331442803144, 6.32648992538
          2.6, -0.0296366885304, -0.734124302864, 0.924719512463, -9.32964801788, 3.10085105896, -30.2009735107, 317.485198975, 327.080322266, 318.355102539, 316.232666016, 91.6235351562, 91.6235351562, 91.6235351562, 91.6235351562,          -0.5,          -0.5,          -0.5,          -0.5, -9.35433006287, -10.2457304001, 13.7282629013, 0.362642079592, 0.0462610684335, -6.25908613205, -0.3380856812, 5.57534074783
        2.625, -0.0313987880945, -0.745876789093, 0.913290202618, -7.71904706955, 3.37547016144, -30.7347812653, 317.093414307, 332.156677246, 318.232147217, 319.235137939, 95.8404312134, 95.8404312134, 95.8404312134, 95.8404312134,          -0.5,          -0.5,          -0.5,          -0.5, -9.50219726562, -10.4720115662,  13.714222908, 0.390670984983, 0.048621352762, -6.4675693512, -0.342024028301, 4.80920696259
         2.65, -0.0326206088066, -0.756516396999, 0.906185626984, -6.17220163345, 3.59653568268, -31.217086792, 316.688476562, 337.564178467, 318.108917236, 323.034088135, 100.412475586, 100.412475586, 100.412475586, 100.412475586,          -0.5,          -0.5,          -0.5,          -0.5, -9.61601924896, -10.6547603607, 13.6993541718, 0.419572681189, 0.0501699149609, -6.63635206223, -0.343739897013, 4.02980804443
        2.675, -0.0335626900196, -0.766760647297, 0.901784360409, -4.71888637543,   3.755828619, -31.6660671234, 316.295166016, 343.245452881, 317.990081787, 327.687347412, 105.325141907, 105.325141907, 105.325141907, 105.325141907,          -0.5,          -0.5,          -0.5,          -0.5, -9.69338321686, -10.7882518768, 13.6837205887, 0.44925147295, 0.0513253882527, -6.76751232147, -0.344138860703, 3.23831605911
          2.7, -0.034155793488, -0.77741008997, 0.898758888245, -3.40655255318, 3.85644245148, -32.0754699707, 315.935241699, 349.201049805, 317.836395264, 333.185638428, 110.565139771, 110.565139771, 110.565139771, 110.565139771,          -0.5,          -0.5,          -0.5,          -0.5, -9.73951148987, -10.876950264, 13.6673974991, 0.479118078947, 0.0521258413792, -6.86393117905, -0.344142645597, 2.43576622009
        2.725, -0.0329053588212, -0.785477876663, 0.897026240826, -2.25347685814,   3.906229496, -32.4336471558, 315.608001709, 355.430938721, 317.651428223, 339.273071289, 116.111244202, 116.111244202, 116.111244202, 116.111244202,          -0.5,          -0.5,          -0.5,          -0.5, -9.75493907928, -10.9234743118,  13.650636673, 0.509113907814, 0.0526152402163, -6.92945575714, -0.344613909721, 1.62342715263
         2.75, -0.0309354774654, -0.789504468441, 0.894806206226, -1.26175677776, 3.93554735184, -32.7251586914, 315.300445557, 361.950469971, 317.463806152, 345.665527344, 121.914070129, 121.914070129, 121.914070129, 121.914070129,          -0.5,          -0.5,          -0.5,          -0.5, -9.7372713089, -10.9291810989, 13.6337795258, 0.539547502995, 0.0526713058352, -6.96812868118, -0.345881462097, 0.802917838097
        2.775, -0.0286064054817, -0.791489958763, 0.891891658306, -0.428305119276, 3.95823264122, -32.9588775635, 315.010253906, 368.770202637, 317.274688721,  352.40512085, 127.922798157, 127.922798157, 127.922798157, 127.922798157,          -0.5,          -0.5,          -0.5,          -0.5, -9.68389606476, -10.895234108, 13.6169433594, 0.570757687092, 0.0520590171218, -6.98391532898, -0.34768936038, -0.0241673886776
          2.8, -0.0260444283485, -0.792080700397, 0.887700080872, 0.256106674671, 3.98180532455, -33.1412010193, 314.740692139, 375.911865234, 317.075164795, 359.508605957, 134.097427368, 134.097427368, 134.097427368, 134.097427368,          -0.5,          -0.5,          -0.5,          -0.5, -9.59334373474, -10.8233146667, 13.6001987457, 0.602679431438, 0.0504580251873, -6.98072052002, -0.349653422832, -0.856462776661
        2.825, -0.0233346819878, -0.791861712933, 0.883645832539, 0.813386619091, 4.00951480865, -33.2841110229, 314.493774414, 383.394561768, 316.864532471,  366.98840332, 140.407791138, 140.407791138, 140.407791138, 140.407791138,          -0.5,          -0.5,          -0.5,          -0.5, -9.46591567993, -10.7145576477, 13.5835895538, 0.635255396366, 0.0478205420077, -6.96199607849, -0.351304769516, -1.69285106659
         2.85, -0.0205515827984, -0.791058182716, 0.879070281982, 1.27011692524, 4.02892112732, -33.3963546753, 314.270599365, 391.230194092,  316.66116333, 374.835662842,  146.83190918,  146.83190918,  146.83190918,  146.83190918,          -0.5,          -0.5,          -0.5,          -0.5, -9.3009595871, -10.5682048798, 13.5671386719, 0.668353319168, 0.0440596081316, -6.93061590195, -0.35235235095, -2.53246283531
        2.875, -0.0176174230874, -0.789719760418, 0.874938070774, 1.65503466129, 4.02858638763, -33.4904823303, 314.073028564, 399.427185059, 316.457061768, 383.044586182, 153.353424072, 153.353424072, 153.353424072, 153.353424072,          -0.5,          -0.5,          -0.5,          -0.5, -9.09698677063, -10.3824510574, 13.5508756638, 0.701971411705, 0.039080388844, -6.8887386322, -0.352920293808, -3.3746445179
          2.9, -0.0145020596683, -0.788609087467, 0.871680855751, 1.98455011845, 4.00591754913, -33.5710983276, 313.901397705, 407.990844727, 316.257659912, 391.617492676, 159.958023071, 159.958023071, 159.958023071, 159.958023071,          -0.5,          -0.5,          -0.5,          -0.5, -8.85275554657, -10.1557016373, 13.5348415375, 0.735966324806, 0.0329423099756, -6.83793878555, -0.353348702192, -4.21895599365
        2.925, -0.0111812641844, -0.787478744984, 0.869389295578, 2.27591300011, 3.95972394943, -33.6433982849, 313.754119873, 416.925354004, 316.067718506, 400.557617188, 166.631790161, 166.631790161, 166.631790161, 166.631790161,          -0.5,          -0.5,          -0.5,          -0.5, -8.56729984283, -9.88664531708,  13.519080162, 0.770225822926, 0.0257323924452, -6.77939939499, -0.354049623013, -5.06505155563
         2.95, -0.00759041914716, -0.786642491817, 0.868106901646, 2.54561781883, 3.89099645615, -33.7075996399, 313.629577637, 426.233795166, 315.889984131,  409.86807251, 173.360198975, 173.360198975, 173.360198975, 173.360198975,          -0.5,          -0.5,          -0.5,          -0.5, -8.23941993713, -9.57374286652, 13.5036478043, 0.804635882378, 0.0175599567592, -6.71385240555, -0.355464190245, -5.91267967224
        2.975, 0.000753859581891, -0.785992503166, 0.86971861124, 2.80369114876, 3.80042886734, -33.7590942383, 313.522827148, 435.918182373, 315.726074219, 419.278930664, 180.125228882, 180.125228882, 180.125228882, 180.125228882,          -0.5,          -0.5,          -0.5,          -0.5, -7.86794042587, -9.21553325653, 13.4887561798, 0.839068710804, 0.00856240931898, -6.64165401459, -0.358008563519, -6.76154565811
            3, 0.0174019690603, -0.789520204067, 0.887609899044, 2.87771773338, 3.77407765388, -33.7064170837, 313.433807373,   445.9637146,  315.58605957, 424.530456543, 186.761138916, 186.761138916, 186.761138916, 186.761138916,          -0.5,          -0.5,          -0.5,          -0.5, -7.45253181458, -8.81175518036, 13.4770412445, 0.872677385807, 0.00163366133347, -6.56473731995, -0.361241459846, -7.61043643951
        3.025, 0.024182330817, -0.792028963566, 0.899447143078, 2.74139928818, 3.86445188522, -33.5523300171, 313.328186035, 456.349945068, 315.436431885, 427.610137939, 193.023635864, 193.023635864, 193.023635864, 193.023635864,          -0.5,          -0.5,          -0.5,          -0.5, -6.99115276337, -8.36057376862, 13.4676942825, 0.904292285442, -0.00136737152934, -6.48891496658, -0.362104654312, -8.45668506622
         3.05, 0.0281552355736, -0.791214287281, 0.903779804707, 2.59302520752, 3.95877313614, -33.3842544556, 313.193786621, 467.071899414, 315.307159424, 431.045837402, 198.944458008, 198.944458008, 198.944458008, 198.944458008,          -0.5,          -0.5,          -0.5,          -0.5, -6.47985029221, -7.85775756836, 13.4591293335, 0.934327363968, -0.00190684746485, -6.41703462601, -0.358853280544, -9.29907608032
        3.075, 0.0347050204873, -0.789084732533, 0.907642960548, 2.50533294678, 3.98407912254, -33.2284355164, 313.072875977, 478.112213135, 315.221893311, 434.565673828, 204.608673096, 204.608673096, 204.608673096, 204.608673096,          -0.5,          -0.5,          -0.5,          -0.5, -5.9197511673, -7.30422544479, 13.4513711929, 0.963371217251, -0.00123253581114, -6.34821605682, -0.352591067553, -10.1376399994
          3.1, 0.0549262687564, -0.787184596062, 0.928268194199, 2.33597207069,  3.8028113842, -33.0191345215, 313.013763428, 485.665802002, 315.224304199, 437.625396729,  209.93560791,  209.93560791,  209.93560791,  209.93560791,          -0.5,          -0.5,          -0.5,          -0.5, -5.28871822357, -6.66820049286, 13.4470090866, 0.991494774818, 0.00201821350493, -6.28218173981, -0.346243202686, -10.9716796875
        3.125, 0.0614532232285, -0.779960691929, 0.93863171339, 2.03972768784, 3.38958525658, -32.7176513672,  313.10647583, 490.709259033, 315.330596924, 440.128356934, 214.682281494, 214.682281494, 214.682281494, 214.682281494,          -0.5,          -0.5,          -0.5,          -0.5, -4.56975650787, -5.92232131958, 13.4455652237, 1.01881337166, 0.00778375705704, -6.22246932983, -0.346223503351, -11.7985744476
         3.15, 0.0652291551232, -0.764009714127, 0.931929767132, 1.85056495667, 3.05666208267, -32.233997345, 313.233886719, 497.491851807, 315.390258789,  442.11050415, 218.923233032, 218.923233032, 218.923233032, 218.923233032,          -0.5,          -0.5,          -0.5,          -0.5, -3.86805653572, -5.19426679611,   13.44490242,  1.0465297699, 0.0114681702107, -6.16930055618, -0.35421076417, -12.6149101257
        3.175, 0.0720307603478, -0.745303153992, 0.923617184162, 1.89546608925,  2.9339196682, -31.4831924438, 313.176300049, 505.908325195, 315.345855713, 443.610198975, 222.771820068, 222.771820068, 222.771820068, 222.771820068,          -0.5,          -0.5,          -0.5,          -0.5, -3.18633031845, -4.4962105751, 13.4453573227, 1.07478296757, 0.0117153590545, -6.11795330048, -0.365454941988, -13.4153642654
          3.2, 0.0808606594801, -0.724985122681, 0.919993460178, 2.16881370544, 2.93777489662, -30.461019516, 312.951599121, 514.519897461,  315.24130249, 444.617248535, 226.216400146, 226.216400146, 226.216400146, 226.216400146,          -0.5,          -0.5,          -0.5,          -0.5, -2.44152641296, -3.73888444901, 13.4477577209,  1.1023799181, 0.0100667607039, -6.06258916855, -0.374826848507, -14.1936540604
        3.225, 0.090093895793, -0.699890196323, 0.919770002365, 2.67239999771, 2.95691108704, -29.1482543945, 312.692749023, 522.493591309, 315.116241455, 445.033996582, 229.178390503, 229.178390503, 229.178390503, 229.178390503,          -0.5,          -0.5,          -0.5,          -0.5, -1.6218585968, -2.90311717987, 13.4525566101, 1.12846529484, 0.00787829048932, -5.99763631821, -0.379860758781, -14.943063736
         3.25, 0.0997097715735, -0.669974923134, 0.920316040516,  3.4193983078, 2.93460679054, -27.4914150238, 312.464752197, 529.442871094, 314.971679688, 444.622039795, 231.567565918, 231.567565918, 231.567565918, 231.567565918,          -0.5,          -0.5,          -0.5,          -0.5, -0.781536698341, -2.03960132599, 13.4600667953, 1.15239131451, 0.0054323291406, -5.91724729538, -0.380086302757, -15.6556682587
        3.275, 0.11018152535, -0.637807071209, 0.921217083931, 4.38191223145, 2.85705137253, -25.4555988312, 312.256988525, 534.994873047,  314.79876709, 443.001159668, 233.284240723, 233.284240723, 233.284240723, 233.284240723,          -0.5,          -0.5,          -0.5,          -0.5, 0.0387748517096, -1.1880158186, 13.4707155228, 1.17284977436, 0.00236499356106, -5.81571531296, -0.375710129738, -16.3222484589
          3.3, 0.121692046523, -0.60578674078, 0.922730207443, 5.49463415146, 2.72531580925, -23.0494060516, 312.108734131, 538.704650879, 314.606719971, 439.719177246, 234.208816528, 234.208816528, 234.208816528, 234.208816528,          -0.5,          -0.5,          -0.5,          -0.5, 0.827803909779, -0.359523147345, 13.4850101471, 1.18782031536, -0.00165974267293, -5.68852376938, -0.367052018642, -16.9332542419
        3.325, 0.133731767535, -0.575458824635, 0.925342917442, 6.68042993546, 2.54202508926, -20.3091640472, 311.973388672, 540.198486328, 314.403594971, 434.324493408, 234.202453613, 234.202453613, 234.202453613, 234.202453613,          -0.5,          -0.5,          -0.5,          -0.5, 1.58475387096, 0.445521742105, 13.5034914017, 1.19487297535, -0.00676425825804, -5.53294610977, -0.354490548372, -17.4797554016
         3.35, 0.145950004458, -0.547360122204, 0.93033516407, 7.85831689835, 2.30538105965, -17.2648105621,  311.93460083,  539.20526123, 314.177978516, 426.484466553, 233.125839233, 233.125839233, 233.125839233, 233.125839233,          -0.5,          -0.5,          -0.5,          -0.5, 2.31038236618, 1.22702586651, 13.5264787674, 1.19139039516, -0.012823196128, -5.34827709198, -0.338708668947, -17.9537029266
        3.375, 0.158795297146, -0.520170688629, 0.936108827591, 8.98216915131, 2.02104926109, -13.9223060608,  311.93951416, 535.387084961, 313.916442871, 415.931488037, 230.846328735, 230.846328735, 230.846328735, 230.846328735,          -0.5,          -0.5,          -0.5,          -0.5, 3.00682020187, 1.98578929901,  13.554356575, 1.17516422272, -0.0197354145348, -5.1353354454, -0.320464521646, -18.3474769592
          3.4, 0.171714439988, -0.49162825942, 0.941956400871, 10.0152711868, 1.68938779831, -10.2884283066, 311.955047607, 528.436401367, 313.631134033, 402.340332031,  227.23248291,  227.23248291,  227.23248291,  227.23248291,          -0.5,          -0.5,          -0.5,          -0.5, 3.67292428017, 2.71929931641, 13.5874271393, 1.14425039291, -0.0275289919227, -4.89601278305, -0.300722926855, -18.6536254883
        3.425, 0.184014216065, -0.461380571127, 0.946590423584, 10.9463968277, 1.31667101383, -6.3649353981, 312.089538574, 518.067687988, 313.340515137, 385.539367676, 222.172454834, 222.172454834, 222.172454834, 222.172454834,          -0.5,          -0.5,          -0.5,          -0.5, 4.30451250076, 3.42166018486, 13.6257266998, 1.09719610214, -0.036510489881, -4.63268852234, -0.28057834506, -18.8647994995
         3.45, 0.194052696228, -0.430265307426, 0.94943100214,   11.75502491, 0.907501518726, -2.15267968178,  312.26083374, 503.950500488, 313.050292969, 365.888549805, 215.593063354, 215.593063354, 215.593063354, 215.593063354,          -0.5,          -0.5,          -0.5,          -0.5, 4.89528417587, 4.08491373062, 13.6690177917, 1.03241658211, -0.047112673521, -4.34811639786, -0.261226773262, -18.9737415314
        3.475, 0.196391806006, -0.397853285074, 0.950760424137, 12.4080305099, 0.476736843586, 2.35541582108, 312.427764893, 485.711212158, 312.744689941, 345.200744629, 207.506500244, 207.506500244, 207.506500244, 207.506500244,          -0.5,          -0.5,          -0.5,          -0.5, 5.43922042847, 4.70155191422, 13.7160892487, 0.947942733765, -0.0597642064095, -4.0457611084, -0.243854105473, -18.9730548859
          3.5, 0.182107284665, -0.351622611284, 0.953292429447,  12.986582756, 0.0647122263908, 7.05095767975, 312.526641846, 462.925445557, 312.316833496,  328.64541626, 198.141418457, 198.141418457, 198.141418457, 198.141418457,          -0.5,          -0.5,          -0.5,          -0.5, 5.93039131165, 5.26439809799, 13.7636585236, 0.843682169914, -0.0743804574013, -3.72887468338, -0.229316309094, -18.8563461304
        3.525, 0.165134966373, -0.279819846153, 0.958700299263, 13.7618713379, -0.27013412118, 11.6878528595, 312.557800293, 435.027191162, 311.816253662, 321.494567871, 188.039489746, 188.039489746, 188.039489746, 188.039489746,          -0.5,          -0.5,          -0.5,          -0.5, 6.36277532578,  5.7670083046, 13.8081789017, 0.723922491074, -0.0900068059564, -3.3962161541, -0.217512249947, -18.6220378876
         3.55, 0.162463411689, -0.184371814132, 0.969126522541, 15.0622625351, -0.563802063465,  16.082906723, 312.596191406, 401.230743408, 311.389831543, 320.374023438, 177.625961304, 177.625961304, 177.625961304, 177.625961304,          -0.5,          -0.5,          -0.5,          -0.5, 6.73102474213, 6.20398950577, 13.8511791229, 0.595844268799, -0.105220027268, -3.0385260582, -0.20846478641, -18.2742614746
        3.575, 0.157831475139, -0.0690405294299, 0.987288951874, 17.0571537018, -0.862085521221, 20.1755619049, 312.679931641, 361.637329102, 311.180541992, 321.188781738, 166.941970825, 166.941970825, 166.941970825, 166.941970825,          -0.5,          -0.5,          -0.5,          -0.5, 7.01341295242, 6.55188369751, 13.8941106796, 0.465831696987, -0.118490949273, -2.64024305344, -0.203783765435, -17.8200588226
          3.6, 0.0856381878257, 0.0320274941623,  1.0103443861, 19.7284049988, -1.07902920246, 23.7133483887, 312.801025391, 331.468078613,  311.10256958, 322.351409912, 156.310897827, 156.310897827, 156.310897827, 156.310897827,          -0.5,          -0.5,          -0.5,          -0.5,  7.0754942894, 6.67217350006, 13.9283370972, 0.338391572237, -0.12763261795,  -2.183147192, -0.205357417464, -17.2686481476
        3.625, 0.0545898638666, 0.0918458551168, 1.03013575077, 22.2121906281, -1.08190107346, 25.8585090637, 312.560241699,  326.71484375, 311.028381348, 323.032928467, 147.205566406, 147.205566406, 147.205566406, 147.205566406,          -0.5,          -0.5,          -0.5,          -0.5, 6.69174528122, 6.34059095383, 13.9462280273, 0.209206700325, -0.131646841764, -1.66013264656, -0.211680337787, -16.6455535889
         3.65, 0.0499301888049, 0.165256008506, 1.04741036892, 24.3429527283, -1.0165630579, 26.8159065247, 312.055389404, 326.923858643, 311.215515137, 323.344665527, 139.945770264, 139.945770264, 139.945770264, 139.945770264,          -0.5,          -0.5,          -0.5,          -0.5, 6.45041227341, 6.14754056931, 13.9596843719, 0.0838612690568, -0.129842221737, -1.08036768436, -0.222212329507, -15.9846200943
        3.675, 0.0452216714621, 0.260025650263, 1.05690467358,  26.460521698, -0.859926879406, 27.0279026031,  311.89932251,  326.99987793, 311.618927002, 323.485534668, 134.071533203, 134.071533203, 134.071533203, 134.071533203,          -0.5,          -0.5,          -0.5,          -0.5, 6.49976682663, 6.23557376862, 13.9706659317, -0.0266246832907, -0.122979037464, -0.44813349843,  -0.236874789, -15.3102436066
          3.7, 0.0408606678247, 0.343554824591,  1.0613077879, 28.4615249634, -0.574370801449, 26.8765773773, 312.237579346, 326.646484375,  312.16897583, 323.430603027, 129.265762329, 129.265762329, 129.265762329, 129.265762329,          -0.5,          -0.5,          -0.5,          -0.5, 6.45486831665, 6.21388864517, 13.9792299271, -0.117500469089, -0.111949801445, 0.236242771149, -0.253759741783, -14.6358776093
        3.725, 0.0383515581489, 0.398893475533, 1.06213665009, 29.8418807983, -0.191709801555, 26.5090408325, 312.656158447, 326.235992432, 312.811248779, 323.290527344, 125.306480408, 125.306480408, 125.306480408, 125.306480408,          -0.5,          -0.5,          -0.5,          -0.5, 6.26255321503, 6.02745914459,  13.985953331, -0.192833140492, -0.0970988497138, 0.963750779629, -0.270429223776, -13.9682636261
         3.75, 0.0357844047248, 0.438922762871, 1.05960357189, 30.2902069092, 0.234409913421, 25.9931583405, 313.132263184,  325.88381958,   313.4609375,  323.11505127,  122.00289917,  122.00289917,  122.00289917,  122.00289917,          -0.5,          -0.5,          -0.5,          -0.5, 6.11141109467, 5.86609983444, 13.9912881851, -0.257203519344, -0.0789315626025, 1.71422505379, -0.285253256559, -13.3119573593
        3.775, 0.0321005620062, 0.478986978531, 1.05251550674, 29.8430366516, 0.673356890678, 25.4494152069, 313.927459717,  325.45513916, 314.155303955, 322.952575684, 119.224945068, 119.224945068, 119.224945068, 119.224945068,          -0.5,          -0.5,          -0.5,          -0.5,  6.0508389473, 5.77973651886, 13.9951972961, -0.311611175537, -0.0584025047719,  2.4643342495, -0.297372847795, -12.6689863205
          3.8, 0.0282464120537, 0.516861855984, 1.04149949551, 28.6231269836, 1.11549031734,  24.961763382,  315.18862915, 324.931243896, 314.958129883, 322.819671631, 116.903656006, 116.903656006, 116.903656006, 116.903656006,          -0.5,          -0.5,          -0.5,          -0.5, 6.00304603577, 5.68987464905, 13.9976472855, -0.356056243181, -0.0367551483214, 3.19338202477, -0.306129604578, -12.0386285782
        3.825, 0.0244720783085, 0.54945486784, 1.02802991867, 26.6938228607, 1.53299915791,  24.530834198, 316.941040039, 324.426849365, 315.924957275, 322.722351074,  114.99407959,  114.99407959,  114.99407959,  114.99407959,          -0.5,          -0.5,          -0.5,          -0.5, 5.93302679062, 5.56251907349, 13.9987506866, -0.39184910059, -0.0151189761236, 3.88289165497, -0.31120634079, -11.4191827774
         3.85, 0.0205804686993, 0.578561484814, 1.01432597637, 24.1665630341, 1.89847373962, 24.1411972046, 319.255249023, 323.959838867, 317.119018555, 322.652435303, 113.459632874, 113.459632874, 113.459632874, 113.459632874,          -0.5,          -0.5,          -0.5,          -0.5, 5.86683511734, 5.42735862732, 13.9986257553, -0.420178741217, 0.00577989919111, 4.51641225815, -0.312899380922, -10.8093271255
        3.875, 0.016567049548, 0.604484558105, 0.999419569969, 21.2001266479, 2.20516395569, 23.7843990326, 322.270324707, 323.499664307,  318.61416626,  322.59854126, 112.274116516, 112.274116516, 112.274116516, 112.274116516,          -0.5,          -0.5,          -0.5,          -0.5, 5.81287670135, 5.29652309418, 13.9973192215, -0.441775768995, 0.0251934770495, 5.08097457886, -0.311838895082, -10.2080936432
          3.9, 0.0125079387799, 0.626092791557, 0.983003258705, 17.9338130951,  2.4585916996, 23.4570274353, 326.118652344, 323.046447754, 320.480712891, 322.544525146,  111.42086792,  111.42086792,  111.42086792,  111.42086792,          -0.5,          -0.5,          -0.5,          -0.5, 5.75873279572, 5.16083621979, 13.9948787689, -0.45758959651, 0.0422321371734, 5.56740617752, -0.308544576168, -9.61476230621
        3.925, 0.00865865591913, 0.643781542778, 0.964578926563, 14.5098028183, 2.66296815872, 23.1613903046, 330.824523926, 322.618804932, 322.802246094, 322.486877441, 110.887664795, 110.887664795, 110.887664795, 110.887664795,          -0.5,          -0.5,          -0.5,          -0.5,  5.6917514801, 5.01124000549, 13.9913854599, -0.468458235264, 0.0561130009592, 5.96999788284, -0.303368657827, -9.02858448029
         3.95, 0.00548505084589, 0.654839336872, 0.945164978504, 11.0582876205, 2.82057023048, 22.8907718658, 336.314910889, 322.234466553, 325.626373291,  322.42791748, 110.659088135, 110.659088135, 110.659088135, 110.659088135,          -0.5,          -0.5,          -0.5,          -0.5, 5.60568094254, 4.84591054916, 13.9870014191, -0.47548276186, 0.0658383220434, 6.28655290604, -0.296638190746, -8.44893074036
        3.975, 0.00383246596903, 0.660656571388, 0.924946308136, 7.65290260315,  2.9289855957, 22.6349945068, 342.376983643, 321.880859375, 328.946990967, 322.374206543, 110.707061768, 110.707061768, 110.707061768, 110.707061768,          -0.5,          -0.5,          -0.5,          -0.5, 5.49880647659, 4.66712903976, 13.9820098877, -0.48015037179, 0.0710627883673, 6.51727485657, -0.288603127003, -7.87538194656
            4, 0.00406774599105, 0.662873625755, 0.908405661583, 4.41139316559, 2.98952627182, 22.3775081635, 348.533447266, 321.570648193,  332.60848999, 322.324493408, 110.975151062, 110.975151062, 110.975151062, 110.975151062,          -0.5,          -0.5,          -0.5,          -0.5,  5.3626294136, 4.47065210342, 13.9769039154, -0.48308968544, 0.0714321807027, 6.66489028931, -0.27977502346, -7.3079252243
        4.025, 0.00516869593412, 0.662461161613, 0.896612763405, 1.32720136642, 3.04193735123, 22.0851726532, 354.711029053, 321.277587891,   336.3097229, 322.296173096, 111.382614136, 111.382614136, 111.382614136, 111.382614136,          -0.5,          -0.5,          -0.5,          -0.5, 5.19489765167, 4.25727510452, 13.9720592499, -0.4847625494, 0.0681657716632, 6.73359584808, -0.269725054502,   -6.74700737
         4.05, 0.00694991787896, 0.663689255714, 0.889086067677, -1.54898846149, 3.06173062325, 21.7271976471, 360.886474609, 320.984161377, 339.826477051, 322.194915771, 111.852409363, 111.852409363, 111.852409363, 111.852409363,          -0.5,          -0.5,          -0.5,          -0.5, 5.00285673141, 4.03229475021, 13.9676761627, -0.484525591135, 0.0620974339545, 6.72775363922, -0.258191227913, -6.19403743744
        4.075, 0.0129327988252, 0.662658274174, 0.884878456593, -4.17240285873, 3.06921720505, 21.3103504181, 366.776519775, 320.745147705, 342.863525391, 322.060852051, 112.310386658, 112.310386658, 112.310386658, 112.310386658,          -0.5,          -0.5,          -0.5,          -0.5, 4.78592967987, 3.79139733315, 13.9641714096, -0.481708556414, 0.0540158823133, 6.65329504013, -0.244752377272, -5.65067481995
          4.1, 0.0263094566762, 0.658495366573, 0.893588125706, -6.40421819687, 2.96078252792, 20.8291416168, 369.819580078, 320.597045898, 344.798492432, 321.999298096, 112.585083008, 112.585083008, 112.585083008, 112.585083008,          -0.5,          -0.5,          -0.5,          -0.5, 4.51791715622,  3.5121614933, 13.9634065628, -0.476237475872, 0.0458728000522, 6.51787042618, -0.230014830828, -5.11853027344
        4.125, 0.0414322204888, 0.645772397518, 0.898639976978, -8.19224071503, 2.70341539383, 20.2052459717, 369.328613281, 320.563049316, 344.468780518, 322.020050049, 112.395462036, 112.395462036, 112.395462036, 112.395462036,          -0.5,          -0.5,          -0.5,          -0.5, 4.19403553009, 3.19247174263, 13.9664878845, -0.46894299984, 0.0377506203949, 6.33250904083, -0.216853424907, -4.60046863556
         4.15, 0.0541477315128, 0.629650831223, 0.902544498444, -9.55171012878, 2.37375330925, 19.3685626984, 366.071685791, 320.613739014,  341.44039917, 322.057678223, 111.517440796, 111.517440796, 111.517440796, 111.517440796,          -0.5,          -0.5,          -0.5,          -0.5, 3.86547231674, 2.87963080406, 13.9733114243, -0.459978789091, 0.0285813100636, 6.10798549652, -0.207415446639, -4.10136032104
        4.175, 0.0634968727827, 0.611707985401, 0.90254431963, -10.5163640976, 2.05793738365, 18.3312339783, 360.541046143, 320.679534912, 336.534973145, 322.073944092,  109.85584259,  109.85584259,  109.85584259,  109.85584259,          -0.5,          -0.5,          -0.5,          -0.5, 3.55541086197, 2.59160614014, 13.9831733704, -0.448476016521, 0.0175848994404, 5.85467624664, -0.201557695866, -3.62654280663
          4.2, 0.0681836158037, 0.592728793621, 0.901724398136, -11.1373958588, 1.76838326454, 17.1510887146, 353.042053223,  320.74987793, 330.840911865, 322.073394775, 107.427780151, 107.427780151, 107.427780151, 107.427780151,          -0.5,          -0.5,          -0.5,          -0.5, 3.24922323227, 2.31256318092,  13.995139122, -0.43364906311, 0.00437110709026, 5.58176040649, -0.198258817196, -3.18023133278
        4.225, 0.0675477609038, 0.572805166245, 0.901505827904, -11.4432344437, 1.51213741302, 15.8914556503, 344.141845703, 320.826416016, 325.651306152, 322.046081543, 104.350402832, 104.350402832, 104.350402832, 104.350402832,          -0.5,          -0.5,          -0.5,          -0.5, 2.94212341309, 2.03744721413, 14.0079851151, -0.414935529232, -0.010758257471, 5.29744720459, -0.196701988578, -2.76506996155
         4.25, 0.0615879409015, 0.550788879395, 0.902494549751, -11.4700422287, 1.30627572536, 14.6003522873, 335.007049561, 320.906036377, 321.808013916, 321.967956543, 100.822776794, 100.822776794, 100.822776794, 100.822776794,          -0.5,          -0.5,          -0.5,          -0.5, 2.65062093735, 1.78273069859, 14.0204105377, -0.392316758633, -0.0272732879966, 5.00918006897, -0.195990905166, -2.38228821754
        4.275, 0.051388759166, 0.527282357216, 0.90623062849, -11.265496254, 1.16422140598, 13.3362960815, 327.434631348, 320.951446533, 319.432525635, 321.825195312, 97.0988769531, 97.0988769531, 97.0988769531, 97.0988769531,          -0.5,          -0.5,          -0.5,          -0.5, 2.39457583427, 1.56819295883, 14.0311746597, -0.366228699684, -0.0442686825991, 4.72335624695, -0.194978952408, -2.03184056282
          4.3, 0.0412330925465, 0.502491235733, 0.912750661373, -10.8812227249, 1.07918357849, 12.1370754242, 322.612030029, 320.929443359, 318.156463623, 321.628814697, 93.4326019287, 93.4326019287, 93.4326019287, 93.4326019287,          -0.5,          -0.5,          -0.5,          -0.5, 2.16511440277, 1.38427054882,  14.039730072, -0.33724501729, -0.0605664588511, 4.44512987137, -0.192566797137, -1.71235263348
        4.325, 0.0339838936925, 0.475797951221, 0.921291649342, -10.3873186111, 1.02032232285, 11.0065221786, 320.210021973, 320.872955322, 317.562255859, 321.395294189, 89.9860534668, 89.9860534668, 89.9860534668, 89.9860534668,          -0.5,          -0.5,          -0.5,          -0.5, 1.94655048847, 1.21502315998, 14.0464630127, -0.306289464235, -0.0753366276622, 4.17814493179, -0.188161000609, -1.42204642296
         4.35, 0.0297813229263, 0.445949703455, 0.932452261448, -9.85663986206, 0.957479536533, 9.93326187134, 319.204772949, 320.793731689, 317.284515381, 321.161712646, 86.7962188721, 86.7962188721, 86.7962188721, 86.7962188721,          -0.5,          -0.5,          -0.5,          -0.5, 1.73208475113, 1.05357539654,  14.052154541, -0.274340718985, -0.0879171863198, 3.92426562309, -0.181951284409, -1.15929543972
        4.375, 0.026895750314, 0.413937568665, 0.945485234261, -9.37868785858, 0.868283033371, 8.90433979034, 318.859100342, 320.706878662, 317.188415527, 320.944915771,  83.822479248,  83.822479248,  83.822479248,  83.822479248,          -0.5,          -0.5,          -0.5,          -0.5,  1.5216344595, 0.898239970207, 14.0572795868, -0.242529645562, -0.0978723242879, 3.68325829506, -0.174765184522, -0.922910869122
          4.4, 0.0249282512814, 0.38241609931, 0.959825694561, -8.99342441559, 0.755517721176, 7.91317176819, 318.790435791,  320.62512207, 317.214202881, 320.751159668,  81.009185791,  81.009185791,  81.009185791,  81.009185791,          -0.5,          -0.5,          -0.5,          -0.5, 1.33032095432, 0.762365102768, 14.0620937347, -0.211332514882, -0.104911521077, 3.45316791534, -0.167535930872, -0.711924314499
        4.425, 0.0233378410339, 0.351807177067, 0.975001335144, -8.71198940277, 0.625507593155, 6.98162698746, 318.829833984, 320.542053223, 317.300170898, 320.592041016, 78.3061294556, 78.3061294556, 78.3061294556, 78.3061294556,          -0.5,          -0.5,          -0.5,          -0.5, 1.16199684143, 0.648757815361,  14.066701889, -0.180908039212, -0.108969643712, 3.23153996468, -0.161136984825, -0.525186002254
         4.45, 0.0218487400562, 0.321500897408, 0.988349556923, -8.52839756012, 0.496240824461, 6.11506700516, 318.958312988, 320.457824707, 317.441467285, 320.452697754, 75.6793060303, 75.6793060303, 75.6793060303, 75.6793060303,          -0.5,          -0.5,          -0.5,          -0.5, 1.00572299957, 0.545719504356, 14.0711040497, -0.151448369026, -0.110238559544, 3.01577734947, -0.156075358391, -0.361096769571
        4.475, 0.0207763966173, 0.290577769279, 0.998795628548, -8.44077587128, 0.384133160114, 5.32369709015, 319.105377197,  320.37197876, 317.617797852, 320.335632324,  73.107635498,  73.107635498,  73.107635498,  73.107635498,          -0.5,          -0.5,          -0.5,          -0.5, 0.863257825375, 0.454066187143, 14.0753440857, -0.123562887311, -0.109249345958, 2.80345678329, -0.152391269803, -0.217902690172
          4.5, 0.0197123810649, 0.261106044054, 1.00608694553, -8.41425895691, 0.298719644547, 4.60974836349, 319.240570068, 320.284301758, 317.791503906, 320.245941162,  70.573638916,  70.573638916,  70.573638916,  70.573638916,          -0.5,          -0.5,          -0.5,          -0.5, 0.736161351204, 0.374513238668, 14.0794391632, -0.0975761339068, -0.106642484665, 2.59251832962, -0.149763926864, -0.0936315581203
        4.525, 0.0187065824866, 0.231958195567, 1.01062715054, -8.40906715393, 0.239122629166, 3.97534680367, 319.359588623, 320.209381104, 317.955627441,   320.1847229, 68.0683059692, 68.0683059692, 68.0683059692, 68.0683059692,          -0.5,          -0.5,          -0.5,          -0.5, 0.620975852013, 0.303236246109, 14.0833644867, -0.0737225711346, -0.10300437361, 2.38197541237, -0.147749170661, 0.0136889545247
         4.55, 0.0176201611757, 0.204281508923, 1.01346325874, -8.40102386475, 0.198437437415, 3.42506217957, 319.460876465, 320.143371582, 318.106445312, 320.141815186, 65.5879135132, 65.5879135132, 65.5879135132, 65.5879135132,          -0.5,          -0.5,          -0.5,          -0.5, 0.515694856644, 0.238280951977,   14.08710289, -0.0523565113544, -0.0987173169851, 2.17156672478, -0.145989820361, 0.106173336506
        4.575, 0.0165053326637, 0.178521871567, 1.01561403275, -8.35476303101, 0.172147855163, 2.94686150551, 319.562866211, 320.083953857, 318.258605957, 320.111328125, 63.1340293884, 63.1340293884, 63.1340293884, 63.1340293884,          -0.5,          -0.5,          -0.5,          -0.5, 0.419631302357, 0.178998738527, 14.0906105042, -0.0335084348917, -0.0940437912941, 1.96181499958, -0.144258230925, 0.185801357031
          4.6, 0.0154107995331, 0.154375463724, 1.01742172241, -8.25727748871, 0.155969768763, 2.52784514427, 319.649932861, 320.023651123, 318.401489258, 320.091278076, 60.7102432251, 60.7102432251, 60.7102432251, 60.7102432251,          -0.5,          -0.5,          -0.5,          -0.5, 0.331751286983, 0.124215699732, 14.0938863754, -0.0171527732164, -0.0889376699924, 1.75387346745, -0.142394274473, 0.254216849804
        4.625, 0.0142618278041, 0.13203753531, 1.01949596405, -8.10013198853, 0.147407159209, 2.15777587891, 319.720947266, 319.971710205, 318.533721924, 320.070068359, 58.3199920654, 58.3199920654, 58.3199920654, 58.3199920654,          -0.5,          -0.5,          -0.5,          -0.5, 0.250611871481, 0.0725373476744, 14.0969152451, -0.00321907014586, -0.0834375545382, 1.54914069176, -0.1403067559, 0.312783867121
         4.65, 0.0131001900882, 0.111320145428, 1.02160429955, -7.89100217819, 0.143566071987, 1.82415497303,  319.77822876, 319.921508789, 318.657409668, 320.058135986, 55.9679641724, 55.9679641724, 55.9679641724, 55.9679641724,          -0.5,          -0.5,          -0.5,          -0.5, 0.175822064281, 0.0237857848406, 14.0996809006, 0.00842574145645, -0.0773888230324,  1.3490216732, -0.137935981154, 0.362568438053
        4.675, 0.0119332028553, 0.092370480299, 1.02271938324, -7.62611198425, 0.143059164286, 1.51813650131,  319.82522583,  319.87298584, 318.775939941, 320.039550781,   53.65858078,   53.65858078,   53.65858078,   53.65858078,          -0.5,          -0.5,          -0.5,          -0.5, 0.107310071588, -0.0220396649092, 14.1021795273, 0.0179895889014, -0.0709532350302, 1.15483736992, -0.135273978114, 0.404364615679
          4.7, 0.0107668852434, 0.074844121933, 1.02283227444, -7.30436515808, 0.145504921675, 1.23388767242, 319.861907959, 319.826507568, 318.889099121, 320.015319824,  51.395526886,  51.395526886,  51.395526886,  51.395526886,          -0.5,          -0.5,          -0.5,          -0.5, 0.0445033609867, -0.0653048306704, 14.1044073105, 0.0256877299398, -0.0643448382616, 0.968010187149, -0.132311239839, 0.438784599304
        4.725, 0.00960749201477, 0.0585816651583, 1.02184045315, -6.92875909805, 0.150275632739, 0.968221366405, 319.889343262, 319.779266357, 318.996246338, 319.987640381, 49.1818504333, 49.1818504333, 49.1818504333, 49.1818504333,          -0.5,          -0.5,          -0.5,          -0.5, -0.0128339510411, -0.106117211282, 14.1063632965, 0.0316800326109, -0.0578199550509, 0.789922773838, -0.129041686654, 0.46632874012
         4.75, 0.0084545314312, 0.0436606705189, 1.02002501488, -6.50150775909, 0.156650349498, 0.718137323856, 319.908966064, 319.731201172, 319.097229004, 319.953857422, 47.0200119019, 47.0200119019, 47.0200119019, 47.0200119019,          -0.5,          -0.5,          -0.5,          -0.5, -0.0646447390318, -0.144265279174,  14.108048439, 0.0361473783851, -0.0516121275723, 0.621893644333, -0.125468313694, 0.487423956394
        4.775, 0.00729579897597, 0.0299860555679, 1.01755988598, -6.02847957611, 0.16322080791, 0.481601774693, 319.922241211, 319.683929443, 319.190856934, 319.911651611, 44.9120941162, 44.9120941162, 44.9120941162, 44.9120941162,          -0.5,          -0.5,          -0.5,          -0.5, -0.110912501812, -0.179444849491, 14.1094646454, 0.0392774008214, -0.045884013176, 0.465152680874, -0.121609315276,  0.5024304986
          4.8, 0.00615632208064, 0.017519146204, 1.01455450058, -5.52181196213, 0.166669890285, 0.25803694129, 319.931640625, 319.638366699, 319.274932861, 319.862121582, 42.8602104187, 42.8602104187, 42.8602104187, 42.8602104187,          -0.5,          -0.5,          -0.5,          -0.5, -0.151744276285, -0.211404263973, 14.1106100082, 0.041238501668, -0.0408059172332, 0.320696443319, -0.117547251284, 0.511678040028
        4.825, 0.00504072755575, 0.00629879580811, 1.01116013527, -4.9938492775, 0.169008687139, 0.0469664558768, 319.940002441, 319.593292236, 319.354003906, 319.805603027, 40.8659553528, 40.8659553528, 40.8659553528, 40.8659553528,          -0.5,          -0.5,          -0.5,          -0.5, -0.18730738759, -0.23982951045, 14.1114940643, 0.0422027632594, -0.0365149192512, 0.189209103584, -0.113363169134, 0.515481948853
         4.85, 0.00396339828148, -0.003714567516, 1.00764656067, -4.45528459549, 0.169315591455, -0.150578051805, 319.942199707, 319.548736572, 319.425109863, 319.742706299, 38.9303512573, 38.9303512573, 38.9303512573, 38.9303512573,          -0.5,          -0.5,          -0.5,          -0.5, -0.217743888497, -0.264521747828,  14.112121582, 0.0423412919044, -0.0330816954374, 0.0710865557194, -0.109130628407, 0.514167189598
        4.875, 0.00292186252773, -0.0125837409869, 1.00450289249, -3.91543412209, 0.169979602098, -0.333723396063, 319.938415527, 319.504577637, 319.485168457, 319.673553467, 37.0538711548, 37.0538711548, 37.0538711548, 37.0538711548,          -0.5,          -0.5,          -0.5,          -0.5, -0.243110880256, -0.285277575254, 14.1125059128, 0.0418017655611, -0.030482314527, -0.0335315465927, -0.104890197515, 0.508083641529
          4.9, 0.00190292159095, -0.0203697346151, 1.00196921825, -3.38063669205, 0.171214073896, -0.501470446587, 319.929840088, 319.460479736,   319.5340271, 319.599365234, 35.2366676331, 35.2366676331, 35.2366676331, 35.2366676331,          -0.5,          -0.5,          -0.5,          -0.5, -0.263603955507, -0.301939278841,  14.112651825, 0.0407105572522, -0.0285848174244, -0.124697133899, -0.100640580058, 0.497604519129
        4.925, 0.000886482186615, -0.027145748958, 1.00035738945, -2.85899615288, 0.169470131397, -0.653106629848, 319.916809082,  319.41394043, 319.572937012, 319.522583008, 33.4790039062, 33.4790039062, 33.4790039062, 33.4790039062,          -0.5,          -0.5,          -0.5,          -0.5, -0.27943316102, -0.314434856176, 14.1125631332, 0.0391706041992, -0.0272039156407, -0.202627331018, -0.0964099094272, 0.483126223087
         4.95, -8.70897565619e-05, -0.0328970178962, 0.99952685833, -2.35966563225, 0.162314251065, -0.787671148777, 319.899475098, 319.367004395, 319.602661133,  319.44619751, 31.7814922333, 31.7814922333, 31.7814922333, 31.7814922333,          -0.5,          -0.5,          -0.5,          -0.5, -0.29069018364, -0.322789669037, 14.1122455597, 0.0372773222625, -0.0261794440448, -0.26777279377, -0.0923299267888, 0.465061962605
        4.975, -0.00102460884955, -0.0376194193959, 0.999421060085, -1.89280569553, 0.152470991015, -0.903850734234, 319.876525879, 319.322570801, 319.623321533, 319.372924805, 30.1442279816, 30.1442279816, 30.1442279816, 30.1442279816,          -0.5,          -0.5,          -0.5,          -0.5, -0.297645837069, -0.327029883862, 14.1117105484, 0.0351167172194, -0.0253085829318, -0.320821523666, -0.0884975045919, 0.443859249353
            5, -0.00192580919247, -0.041361771524, 1.00009226799, -1.46587491035, 0.139095112681, -1.0015335083,  319.84777832, 319.275390625, 319.634033203, 319.297454834, 28.5670490265, 28.5670490265, 28.5670490265, 28.5670490265,          -0.5,          -0.5,          -0.5,          -0.5, -0.300591737032, -0.327362120152, 14.1109647751, 0.0327738597989, -0.0244486723095, -0.362675249577, -0.0849865600467, 0.419982075691
        5.025, -0.00276007503271, -0.0441427119076, 1.00107491016, -1.0831258297, 0.12485435605, -1.08024275303, 319.811828613, 319.225952148,  319.63482666, 319.224212646, 27.0495853424, 27.0495853424, 27.0495853424, 27.0495853424,          -0.5,          -0.5,          -0.5,          -0.5, -0.299809247255, -0.32427701354, 14.1100187302, 0.0303301997483, -0.0234876535833, -0.394402831793, -0.081864207983, 0.393898278475
         5.05, -0.00357146118768, -0.0459958277643, 1.00200688839, -0.748315036297, 0.11155294627, -1.13983798027, 319.769165039, 319.177276611, 319.625640869,  319.15725708, 25.5908699036, 25.5908699036, 25.5908699036, 25.5908699036,          -0.5,          -0.5,          -0.5,          -0.5, -0.295620113611, -0.318046271801, 14.1088848114, 0.0278534870595, -0.0223618969321, -0.417159676552, -0.0791038125753, 0.366088241339
        5.075, -0.00432776054367, -0.0469886995852, 1.00275373459, -0.459365546703, 0.0985555797815, -1.18127417564,  319.72052002, 319.128417969, 319.608123779, 319.090911865, 24.1901283264, 24.1901283264, 24.1901283264, 24.1901283264,          -0.5,          -0.5,          -0.5,          -0.5, -0.28832679987, -0.30892804265, 14.1075687408, 0.0254175234586, -0.0211102161556, -0.432121604681, -0.0766980722547, 0.337018579245
          5.1, -0.00503122340888, -0.0472291521728, 1.00305581093, -0.213628873229, 0.089346550405, -1.20543217659, 319.665466309, 319.077941895, 319.581451416, 319.026031494, 22.8462619781, 22.8462619781, 22.8462619781, 22.8462619781,          -0.5,          -0.5,          -0.5,          -0.5, -0.27837279439, -0.297380834818, 14.1060857773, 0.0230797398835, -0.0198009703308, -0.440410345793, -0.0745866596699, 0.307132780552
        5.125, -0.00569010293111, -0.0468413680792, 1.00277030468, -0.00426306668669, 0.0858341678977, -1.21346533298, 319.603118896, 319.026763916, 319.545135498, 318.963043213, 21.5578384399, 21.5578384399, 21.5578384399, 21.5578384399,          -0.5,          -0.5,          -0.5,          -0.5, -0.266150176525, -0.283812731504, 14.1044454575, 0.0208819452673, -0.0185358691961, -0.443027228117, -0.072643995285, 0.276848435402
         5.15, -0.00633580842987, -0.0459893345833, 1.00207054615, 0.174033179879, 0.0866923108697, -1.2069286108, 319.534606934, 318.974212646, 319.498687744, 318.901580811, 20.3234863281, 20.3234863281, 20.3234863281, 20.3234863281,          -0.5,          -0.5,          -0.5,          -0.5, -0.251953721046, -0.268480926752, 14.1026544571, 0.0188398230821, -0.0173994936049, -0.440804749727, -0.0707256868482, 0.246548861265
        5.175, -0.00696718832478, -0.0447239242494, 1.00119721889, 0.325464189053, 0.0890061631799, -1.18748044968, 319.461639404, 318.920501709, 319.444396973, 318.841339111,  19.142370224,  19.142370224,  19.142370224,  19.142370224,          -0.5,          -0.5,          -0.5,          -0.5, -0.236103147268, -0.251703590155, 14.1007165909, 0.0169570371509, -0.0164475236088, -0.434473603964, -0.0687580704689, 0.216577798128
          5.2, -0.00758132711053, -0.0431548133492, 1.00022900105, 0.452354162931, 0.0902662277222, -1.15689957142,  319.38659668,   318.8671875, 319.384521484, 318.781616211, 18.0140151978, 18.0140151978, 18.0140151978, 18.0140151978,          -0.5,          -0.5,          -0.5,          -0.5, -0.219007015228, -0.233806490898, 14.0986347198, 0.015231737867, -0.0157230626792, -0.424665272236, -0.066733084619, 0.187235102057
        5.225, -0.00817297957838, -0.0413276925683, 0.999446511269, 0.556311368942, 0.0887847840786, -1.11635696888, 319.308441162, 318.814697266, 319.318817139, 318.723876953, 16.9381427765, 16.9381427765, 16.9381427765, 16.9381427765,          -0.5,          -0.5,          -0.5,          -0.5, -0.201068773866, -0.215088769794, 14.0964155197, 0.0136550245807, -0.0152107160538, -0.41197887063, -0.064697124064, 0.158784240484
         5.25, -0.00873075984418, -0.0393075793982, 0.998918712139, 0.639680504799, 0.0853658914566, -1.06712424755, 319.227050781, 318.762542725, 319.247253418, 318.667022705, 15.9143772125, 15.9143772125, 15.9143772125, 15.9143772125,          -0.5,          -0.5,          -0.5,          -0.5, -0.182604894042, -0.195853084326, 14.0940647125, 0.012213149108, -0.0148786567152, -0.396958291531, -0.0627107322216, 0.131459191442
        5.275, -0.00925684347749, -0.0371425040066, 0.998712956905, 0.705173075199, 0.0813345611095, -1.01048338413, 319.142791748, 318.709991455, 319.170196533, 318.610168457, 14.9420757294, 14.9420757294, 14.9420757294, 14.9420757294,          -0.5,          -0.5,          -0.5,          -0.5, -0.163918361068, -0.176384449005, 14.0915899277, 0.0108890775591, -0.0146601758897, -0.380085259676, -0.0608029961586, 0.105461426079
          5.3, -0.00975518207997, -0.0348728485405, 0.998760044575, 0.755572915077, 0.0773227140307, -0.947760403156, 319.055908203, 318.656677246, 319.088256836, 318.553253174, 14.0204687119, 14.0204687119, 14.0204687119, 14.0204687119,          -0.5,          -0.5,          -0.5,          -0.5, -0.14530967176, -0.156960994005, 14.0889987946, 0.00966488197446, -0.0144843487069, -0.361771523952, -0.0589786842465, 0.0809597745538
        5.325, -0.0102277519181, -0.0325319841504, 0.998951375484, 0.793286204338, 0.0733928754926, -0.880337893963, 318.966583252, 318.602325439, 319.002288818, 318.496276855, 13.1487789154, 13.1487789154, 13.1487789154, 13.1487789154,          -0.5,          -0.5,          -0.5,          -0.5, -0.12702549994, -0.137815952301, 14.0862970352, 0.00852359645069, -0.0143019231036, -0.342363268137, -0.0572353973985, 0.058089017868
         5.35, -0.0106745520607, -0.0301472824067, 0.999197244644, 0.82019418478, 0.069474466145, -0.809579253197, 318.875061035, 318.546691895, 318.913146973, 318.439147949,  12.326253891,  12.326253891,  12.326253891,  12.326253891,          -0.5,          -0.5,          -0.5,          -0.5, -0.109266124666, -0.119151063263, 14.0834903717, 0.00745071750134, -0.0140888364986, -0.322153031826, -0.0555721893907, 0.0369494520128
        5.375, -0.0110949818045, -0.0277424715459, 0.999440968037, 0.837715983391, 0.0655864626169, -0.736774265766, 318.781646729, 318.489532471, 318.821350098, 318.381530762, 11.5521345139, 11.5521345139, 11.5521345139, 11.5521345139,          -0.5,          -0.5,          -0.5,          -0.5, -0.0922086089849, -0.101156927645, 14.0805845261, 0.00643486948684, -0.0138392113149, -0.301392287016, -0.0539893656969, 0.0176081378013
          5.4, -0.0114896511659, -0.025339005515, 0.999654650688, 0.84694737196, 0.0618232749403, -0.663120567799, 318.686645508, 318.430664062, 318.727508545, 318.323242188, 10.8256340027, 10.8256340027, 10.8256340027, 10.8256340027,          -0.5,          -0.5,          -0.5,          -0.5, -0.0760008469224, -0.0840003043413, 14.0775871277, 0.00546781066805, -0.0135569740087, -0.280301421881, -0.052486024797, 0.000100998055132
        5.425, -0.0118589280173, -0.0229561589658, 0.999829769135, 0.84878975153, 0.0582736618817, -0.589710950851, 318.590423584, 318.370025635, 318.632019043, 318.264038086, 10.1459360123, 10.1459360123, 10.1459360123, 10.1459360123,          -0.5,          -0.5,          -0.5,          -0.5, -0.0607519857585, -0.067809060216, 14.0745019913, 0.0045442446135, -0.0132497251034, -0.25907599926, -0.0510590970516, -0.0155647238716
         5.45, -0.0122035061941, -0.0206113252789, 0.999967932701, 0.844034135342, 0.0549746602774, -0.517514765263, 318.493286133, 318.307495117,  318.53527832, 318.203704834, 9.51220226288, 9.51220226288, 9.51220226288, 9.51220226288,          -0.5,          -0.5,          -0.5,          -0.5, -0.0465395078063, -0.0526763610542, 14.0713348389, 0.00366152194329, -0.0129253566265, -0.237890511751, -0.0497040934861, -0.0294076018035
